cluster_id	sequence_id	start	end	tax_id	database	merged	blast_status	length	pul_length_sum	percentage_in_puls
19098	NZ_JQNQ01000001	2147638	2164970		puldb		false	4212161	110825	2.631072269079933
19759	JPOL01000002	1841012	1857426		puldb		false	3672893	56127	1.5281414405483633
19760	JPOL01000002	3220310	3260023		puldb		false	3672893	56127	1.5281414405483633
19761	JPOL01000003	83824	112265		puldb		false	361944	28441	7.857845412550008
21119	FP476056	174877	188546		puldb		false	5521712	929780	16.838618167698712
21120	FP476056	214864	230540		puldb		false	5521712	929780	16.838618167698712
21125	FP476056	340985	350666		puldb		false	5521712	929780	16.838618167698712
21128	FP476056	472111	481243		puldb		false	5521712	929780	16.838618167698712
21131	FP476056	576319	592323		puldb		false	5521712	929780	16.838618167698712
21132	FP476056	1085930	1101326		puldb		false	5521712	929780	16.838618167698712
21133	FP476056	1190929	1208012		puldb		false	5521712	929780	16.838618167698712
21134	FP476056	1223179	1246806		puldb		false	5521712	929780	16.838618167698712
21137	FP476056	1479049	1491997		puldb		false	5521712	929780	16.838618167698712
21138	FP476056	1769357	1777496		puldb		false	5521712	929780	16.838618167698712
21139	FP476056	2420111	2441113		puldb		false	5521712	929780	16.838618167698712
21140	FP476056	2504916	2518507		puldb		false	5521712	929780	16.838618167698712
21143	FP476056	2610665	2619786		puldb		false	5521712	929780	16.838618167698712
21144	FP476056	2681750	2690170		puldb		false	5521712	929780	16.838618167698712
21145	FP476056	2695784	2707616		puldb		false	5521712	929780	16.838618167698712
21146	FP476056	2875504	2888080		puldb		false	5521712	929780	16.838618167698712
21148	FP476056	3125872	3141960		puldb		false	5521712	929780	16.838618167698712
21149	FP476056	3552451	3560830		puldb		false	5521712	929780	16.838618167698712
21150	FP476056	3603808	3617045		puldb		false	5521712	929780	16.838618167698712
21151	FP476056	3848117	3864900		puldb		false	5521712	929780	16.838618167698712
21159	FP476056	4157067	4186737		puldb		false	5521712	929780	16.838618167698712
21160	FP476056	4234954	4251611		puldb		false	5521712	929780	16.838618167698712
21161	FP476056	4483050	4501301		puldb		false	5521712	929780	16.838618167698712
21162	FP476056	4575941	4589508		puldb		false	5521712	929780	16.838618167698712
21163	FP476056	4619396	4635730		puldb		false	5521712	929780	16.838618167698712
21164	FP476056	4638393	4653877		puldb		false	5521712	929780	16.838618167698712
21165	FP476056	4684230	4704981		puldb		false	5521712	929780	16.838618167698712
21166	FP476056	5323242	5338568		puldb		false	5521712	929780	16.838618167698712
21168	FP476056	5406314	5436219		puldb		false	5521712	929780	16.838618167698712
234	LT622246	6235197	6246590		puldb		true	6475296	224887	3.4729995354652514
235	LT622246	1470970	1480059		puldb		true	6475296	224887	3.4729995354652514
236	LT622246	1489824	1501272		puldb		true	6475296	224887	3.4729995354652514
237	LT622246	412729	438870		puldb		true	6475296	224887	3.4729995354652514
238	LT622246	453353	463037		puldb		true	6475296	224887	3.4729995354652514
239	LT622246	4514504	4534747		puldb		true	6475296	224887	3.4729995354652514
240	LT622246	4546650	4569158		puldb		true	6475296	224887	3.4729995354652514
24087	LT629745	1394780	1414040		puldb		false	3545181	19260	0.5432726848079125
241	LT622246	297882	317089		puldb		true	6475296	224887	3.4729995354652514
242	LT622246	4222005	4237881		puldb		true	6475296	224887	3.4729995354652514
243	LT622246	5396886	5418036		puldb		true	6475296	224887	3.4729995354652514
244	LT622246	6257035	6273976		puldb		true	6475296	224887	3.4729995354652514
24469	CP016359	228516	249102		puldb		false	4007868	294672	7.352337951249892
24473	CP016359	1091860	1110518		puldb		false	4007868	294672	7.352337951249892
24474	CP016359	1614973	1648031		puldb		false	4007868	294672	7.352337951249892
24475	CP016359	1650974	1691598		puldb		false	4007868	294672	7.352337951249892
24476	CP016359	1800952	1817291		puldb		false	4007868	294672	7.352337951249892
24478	CP016359	2554976	2583034		puldb		false	4007868	294672	7.352337951249892
245	LT622246	6290436	6297000		puldb		true	6475296	224887	3.4729995354652514
246	LT622246	5507778	5526825		puldb		true	6475296	224887	3.4729995354652514
247	LT622246	5542865	5549489		puldb		true	6475296	224887	3.4729995354652514
248	NZ_AAXF02000039	3621	22957		puldb		false	121138	61975	51.16065974343311
249	NZ_AAXF02000039	48461	60765		puldb		false	121138	61975	51.16065974343311
252	NZ_AAXF02000040	1876	22760		puldb		false	125494	20884	16.641433056560473
253	NZ_AAXF02000041	28293	44956		puldb		false	139020	49034	35.27118400230183
254	NZ_AAXF02000041	96354	103043		puldb		false	139020	49034	35.27118400230183
255	NZ_AAXF02000041	114338	140020		puldb		false	139020	49034	35.27118400230183
256	NZ_AAXF02000042	454	12090		puldb		false	143787	79895	55.56482853109113
257	NZ_AAXF02000042	24670	38296		puldb		false	143787	79895	55.56482853109113
261	NZ_AAXF02000043	41917	50730		puldb		false	141798	15496	10.928221836697274
262	NZ_AAXF02000043	62115	68798		puldb		false	141798	15496	10.928221836697274
263	NZ_AAXF02000044	103264	117965		puldb		false	155910	14701	9.429157847476109
264	NZ_AAXF02000045	14495	40356		puldb		false	201844	85713	42.46497294940647
265	NZ_AAXF02000045	41912	57111		puldb		false	201844	85713	42.46497294940647
268	NZ_AAXF02000046	0	41396		puldb		false	243546	104271	42.81367790889606
277	NZ_AAXF02000047	185084	238494		puldb		false	267235	152343	57.007128557262334
278	NZ_AAXF02000048	254293	266909		puldb		false	388389	12616	3.2482897301416878
27810	NC_004663	21906	29011		puldb		false	6260361	1922704	30.712350294176325
27811	NC_004663	138333	151899		puldb		false	6260361	1922704	30.712350294176325
27812	NC_004663	197238	212201		puldb		false	6260361	1922704	30.712350294176325
27813	NC_004663	221704	239311		puldb		false	6260361	1922704	30.712350294176325
27814	NC_004663	291568	341723		puldb		false	6260361	1922704	30.712350294176325
27815	NC_004663	381145	387947		puldb		false	6260361	1922704	30.712350294176325
27816	NC_004663	416722	456321		puldb		false	6260361	1922704	30.712350294176325
27819	NC_004663	594675	601171		puldb		false	6260361	1922704	30.712350294176325
27820	NC_004663	933484	946092		puldb		false	6260361	1922704	30.712350294176325
27821	NC_004663	1060861	1069345		puldb		false	6260361	1922704	30.712350294176325
27824	NC_004663	1402593	1409293		puldb		false	6260361	1922704	30.712350294176325
27825	NC_004663	1587730	1601485		puldb		false	6260361	1922704	30.712350294176325
27826	NC_004663	1768414	1775037		puldb		false	6260361	1922704	30.712350294176325
27827	NC_004663	1913110	1922462		puldb		false	6260361	1922704	30.712350294176325
27830	NC_004663	2072899	2080060		puldb		false	6260361	1922704	30.712350294176325
27832	NC_004663	2188544	2228013		puldb		false	6260361	1922704	30.712350294176325
27834	NC_004663	2547855	2554306		puldb		false	6260361	1922704	30.712350294176325
27835	NC_004663	2636169	2661634		puldb		false	6260361	1922704	30.712350294176325
27836	NC_004663	2728184	2735917		puldb		false	6260361	1922704	30.712350294176325
27839	NC_004663	2846074	2852583		puldb		false	6260361	1922704	30.712350294176325
27840	NC_004663	2941417	2953200		puldb		false	6260361	1922704	30.712350294176325
27841	NC_004663	2979116	2992975		puldb		false	6260361	1922704	30.712350294176325
27842	NC_004663	3072421	3086520		puldb		false	6260361	1922704	30.712350294176325
27843	NC_004663	3159255	3169856		puldb		false	6260361	1922704	30.712350294176325
27844	NC_004663	3191720	3200432		puldb		false	6260361	1922704	30.712350294176325
27846	NC_004663	3476149	3490799		puldb		false	6260361	1922704	30.712350294176325
27847	NC_004663	3501745	3523095		puldb		false	6260361	1922704	30.712350294176325
27852	NC_004663	3709631	3726635		puldb		false	6260361	1922704	30.712350294176325
27853	NC_004663	3729365	3752904		puldb		false	6260361	1922704	30.712350294176325
27854	NC_004663	3800071	3817084		puldb		false	6260361	1922704	30.712350294176325
27855	NC_004663	3823416	3832948		puldb		false	6260361	1922704	30.712350294176325
27860	NC_004663	4044654	4070779		puldb		false	6260361	1922704	30.712350294176325
27864	NC_004663	4211870	4240544		puldb		false	6260361	1922704	30.712350294176325
27865	NC_004663	4245707	4259987		puldb		false	6260361	1922704	30.712350294176325
27868	NC_004663	4456047	4527084		puldb		false	6260361	1922704	30.712350294176325
27869	NC_004663	4540946	4571056		puldb		false	6260361	1922704	30.712350294176325
27871	NC_004663	4634419	4679895		puldb		false	6260361	1922704	30.712350294176325
27872	NC_004663	4700792	4710028		puldb		false	6260361	1922704	30.712350294176325
27876	NC_004663	4865087	4876193		puldb		false	6260361	1922704	30.712350294176325
27881	NC_004663	5184604	5206167		puldb		false	6260361	1922704	30.712350294176325
27882	NC_004663	5247793	5256143		puldb		false	6260361	1922704	30.712350294176325
27883	NC_004663	5300977	5354000		puldb		false	6260361	1922704	30.712350294176325
27884	NC_004663	5370714	5409988		puldb		false	6260361	1922704	30.712350294176325
27885	NC_004663	5418109	5434257		puldb		false	6260361	1922704	30.712350294176325
27886	NC_004663	5440391	5518337		puldb		false	6260361	1922704	30.712350294176325
27887	NC_004663	5581952	5602271		puldb		false	6260361	1922704	30.712350294176325
27888	NC_004663	5617174	5632527		puldb		false	6260361	1922704	30.712350294176325
27889	NC_004663	5655890	5669765		puldb		false	6260361	1922704	30.712350294176325
27890	NC_004663	5738541	5750363		puldb		false	6260361	1922704	30.712350294176325
27891	NC_004663	5797923	5808973		puldb		false	6260361	1922704	30.712350294176325
27892	NC_004663	5878054	5886923		puldb		false	6260361	1922704	30.712350294176325
27893	NC_004663	6061271	6073615		puldb		false	6260361	1922704	30.712350294176325
27896	NC_004663	6173951	6191501		puldb		false	6260361	1922704	30.712350294176325
27897	NC_004663	6195911	6209357		puldb		false	6260361	1922704	30.712350294176325
27904	NC_004663	625800	630842		puldb		false	6260361	1922704	30.712350294176325
28	NZ_ABJL02000008	2467545	2530030		puldb		false	3472993	104417	3.0065421957372216
282	NZ_AAXF02000049	97061	149949		puldb		false	428982	287563	67.03381493862213
283	NZ_AAXF02000049	154477	169237		puldb		false	428982	287563	67.03381493862213
286	NZ_AAXF02000049	230202	244564		puldb		false	428982	287563	67.03381493862213
287	NZ_AAXF02000049	247593	280597		puldb		false	428982	287563	67.03381493862213
288	NZ_AAXF02000049	284347	294512		puldb		false	428982	287563	67.03381493862213
291	NZ_AAXF02000049	373187	389716		puldb		false	428982	287563	67.03381493862213
294	NZ_AAXF02000050	130673	137613		puldb		false	426007	135004	31.69055907532036
295	NZ_AAXF02000050	145670	159018		puldb		false	426007	135004	31.69055907532036
296	NZ_AAXF02000050	173320	191910		puldb		false	426007	135004	31.69055907532036
297	NZ_AAXF02000050	202687	223891		puldb		false	426007	135004	31.69055907532036
298	NZ_AAXF02000050	240326	247612		puldb		false	426007	135004	31.69055907532036
299	NZ_AAXF02000050	257559	265250		puldb		false	426007	135004	31.69055907532036
300	NZ_AAXF02000050	337095	354765		puldb		false	426007	135004	31.69055907532036
301	NZ_AAXF02000050	380319	392281		puldb		false	426007	135004	31.69055907532036
302	NZ_AAXF02000051	0	9342		puldb		false	507553	313167	61.70133956453809
303	NZ_AAXF02000051	25991	47197		puldb		false	507553	313167	61.70133956453809
307	NZ_AAXF02000051	208544	217783		puldb		false	507553	313167	61.70133956453809
3073	FP929033	5525323	5535428		puldb		false	5976145	290475	4.860574835449943
310	NZ_AAXF02000051	326226	337294		puldb		false	507553	313167	61.70133956453809
311	NZ_AAXF02000051	338278	355498		puldb		false	507553	313167	61.70133956453809
312	NZ_AAXF02000051	359702	378716		puldb		false	507553	313167	61.70133956453809
313	NZ_AAXF02000051	386418	398569		puldb		false	507553	313167	61.70133956453809
314	NZ_AAXF02000051	403927	427414		puldb		false	507553	313167	61.70133956453809
317	NZ_AAXF02000052	204941	217508		puldb		false	491071	78202	15.924784807084922
318	NZ_AAXF02000052	424734	454092		puldb		false	491071	78202	15.924784807084922
319	NZ_AAXF02000052	455273	491550		puldb		false	491071	78202	15.924784807084922
320	NZ_AAXF02000053	11322	22411		puldb		false	555155	170616	30.733038520773476
321	NZ_AAXF02000053	52211	69950		puldb		false	555155	170616	30.733038520773476
322	NZ_AAXF02000053	125708	138477		puldb		false	555155	170616	30.733038520773476
323	NZ_AAXF02000053	179745	189104		puldb		false	555155	170616	30.733038520773476
324	NZ_AAXF02000053	242574	264618		puldb		false	555155	170616	30.733038520773476
325	NZ_AAXF02000053	272365	283590		puldb		false	555155	170616	30.733038520773476
326	NZ_AAXF02000053	285501	308432		puldb		false	555155	170616	30.733038520773476
327	NZ_AAXF02000053	309751	323924		puldb		false	555155	170616	30.733038520773476
328	NZ_AAXF02000053	340025	347313		puldb		false	555155	170616	30.733038520773476
329	NZ_AAXF02000053	394078	414986		puldb		false	555155	170616	30.733038520773476
330	NZ_AAXF02000053	426487	447578		puldb		false	555155	170616	30.733038520773476
331	NZ_AAXF02000054	153068	180211		puldb		false	1147684	409058	35.642040840510106
332	NZ_AAXF02000054	239977	279046		puldb		false	1147684	409058	35.642040840510106
333	NZ_AAXF02000054	298031	355932		puldb		false	1147684	409058	35.642040840510106
334	NZ_AAXF02000054	369560	431302		puldb		false	1147684	409058	35.642040840510106
335	NZ_AAXF02000054	435337	486745		puldb		false	1147684	409058	35.642040840510106
336	NZ_AAXF02000054	614725	633862		puldb		false	1147684	409058	35.642040840510106
339	NZ_AAXF02000054	767803	775089		puldb		false	1147684	409058	35.642040840510106
342	NZ_AAXF02000054	1050874	1057589		puldb		false	1147684	409058	35.642040840510106
343	NZ_AAXF02000054	1068125	1086270		puldb		false	1147684	409058	35.642040840510106
344	NZ_AAXF02000054	1089861	1105526		puldb		false	1147684	409058	35.642040840510106
345	NZ_AAXF02000054	1128491	1148684		puldb		false	1147684	409058	35.642040840510106
3602	NZ_ABQC02000019	71558	133837		puldb		false	760260	62279	8.19180280430379
3651	NC_006347	2021215	2050211		puldb		false	5277274	28996	0.5494503412178333
3712	NC_003228	2004661	2011529		puldb		false	5205140	17589	0.3379159830475261
3713	NC_003228	4217917	4228638		puldb		false	5205140	17589	0.3379159830475261
3772	FQ312004	436949	455517		puldb		false	5373121	55804	1.038577020692443
3773	FQ312004	523100	536123		puldb		false	5373121	55804	1.038577020692443
3774	FQ312004	1582511	1594729		puldb		false	5373121	55804	1.038577020692443
4085	NC_009441	1591291	1614134		puldb		false	6096872	658150	10.794879735051023
4087	NC_009441	2339980	2354614		puldb		false	6096872	658150	10.794879735051023
4090	NC_009441	2455043	2471923		puldb		false	6096872	658150	10.794879735051023
4093	NC_009441	3429465	3441043		puldb		false	6096872	658150	10.794879735051023
4094	NC_009441	3587528	3597571		puldb		false	6096872	658150	10.794879735051023
4096	NC_009441	3881936	3893153		puldb		false	6096872	658150	10.794879735051023
4097	NC_009441	3984951	3995021		puldb		false	6096872	658150	10.794879735051023
4098	NC_009441	4189623	4209635		puldb		false	6096872	658150	10.794879735051023
4099	NC_009441	4242737	4251779		puldb		false	6096872	658150	10.794879735051023
4100	NC_009441	4501483	4513550		puldb		false	6096872	658150	10.794879735051023
4103	NC_009441	4693722	4710084		puldb		false	6096872	658150	10.794879735051023
4105	NC_009441	4992716	5003247		puldb		false	6096872	658150	10.794879735051023
4106	NC_009441	5033626	5051242		puldb		false	6096872	658150	10.794879735051023
4109	NC_009441	5224256	5235961		puldb		false	6096872	658150	10.794879735051023
4110	NC_009441	5273970	5284273		puldb		false	6096872	658150	10.794879735051023
4113	NC_009441	5642692	5658239		puldb		false	6096872	658150	10.794879735051023
4114	NC_009441	5821483	5838144		puldb		false	6096872	658150	10.794879735051023
4160	NC_015846	9230	19749		puldb		false	2571406	177495	6.90264392320777
4161	NC_015846	41274	55928		puldb		false	2571406	177495	6.90264392320777
4163	NC_015846	576787	586097		puldb		false	2571406	177495	6.90264392320777
4164	NC_015846	930942	941427		puldb		false	2571406	177495	6.90264392320777
4165	NC_015846	1187403	1201665		puldb		false	2571406	177495	6.90264392320777
4166	NC_015846	1490660	1513946		puldb		false	2571406	177495	6.90264392320777
4167	NC_015846	1842680	1849772		puldb		false	2571406	177495	6.90264392320777
4169	NC_015846	2090062	2098680		puldb		false	2571406	177495	6.90264392320777
4170	NC_015846	2153442	2169471		puldb		false	2571406	177495	6.90264392320777
4171	NC_015846	2385673	2400879		puldb		false	2571406	177495	6.90264392320777
4172	NC_015846	2418762	2426103		puldb		false	2571406	177495	6.90264392320777
9088	NC_016610	2353086	2370434		puldb		false	3405521	33250	0.9763557470354757
PUL0001	NZ_GG692714	156723	175880	166486	dbcan		false	254337	19157	7.532132564274958
PUL0002	CP157216	3973539	3975396	1423	dbcan		true	4220251	1857	0.04400212214865893
PUL0003	NC_000964	1942714	1945654	1423	dbcan		false	4215606	44346	1.0519484031477324
PUL0004	KM624528	1	3311	77133	dbcan		false	3311	3310	99.96979764421624
PUL0005	NC_003212	1844298	1849726	1642	dbcan		false	3011208	5428	0.1802598824126397
PUL0006	KF840174	236	13867	1422	dbcan		false	14067	13631	96.90054738039383
PUL0007	LN890332	5399	15957	1244	dbcan		false	35714	10558	29.56263650109201
PUL0009	NC_013515	121344	139674	34105	dbcan		false	1662578	18330	1.1025046644428111
PUL0010	NC_009328	1855422	1909199	33940	dbcan		false	3550319	53777	1.5147089599554293
PUL0012	NC_002505	642814	661623	666	dbcan		false	2961149	31644	1.0686392342972273
PUL0014	NZ_CP020030	2035523	2046640	33940	dbcan		false	3640707	11117	0.30535277900693464
PUL0015	NC_009004	1209752	1217592	1358	dbcan		false	2529478	20146	0.7964489115936173
PUL0016	NC_009004	428397	433134	1358	dbcan		false	2529478	20146	0.7964489115936173
PUL0017	NC_011898	2466252	2481041	1521	dbcan		false	4068724	94353	2.3189825606258867
PUL0018	NC_003098	285103	298853	1313	dbcan		false	2038615	23668	1.1609842957105683
PUL0019	CP195112	4004876	4011426	1423	dbcan		true	4266306	14462	0.3389817795535529
PUL0020	NC_013199	2717307	2734087	47715	dbcan		false	2968598	21412	0.7212832454916429
PUL0021	NC_008526	2647312	2663903	1582	dbcan		false	2895264	16591	0.5730392807011727
PUL0022	NC_016023	736768	743451	1398	dbcan		false	3552226	11764	0.3311726224626474
PUL0023	NC_016023	839150	844231	1398	dbcan		false	3552226	11764	0.3311726224626474
PUL0024	HE717008	1	14712	77133	dbcan		false	14714	14711	99.97961125458747
PUL0026	AE015928	3477149	3489799	818	dbcan		false	6260361	885442	14.143625263782711
PUL0027	CP092752	1032162	1037736	354	dbcan		true	5617899	5574	0.09921858687740737
PUL0028	NZ_AAYG02000020	134626	149292	33038	dbcan		false	167462	14666	8.757807741457764
PUL0029	NC_015067	2209677	2271573	216816	dbcan		false	2385164	79112	3.316836913520412
PUL0030	KU644713	1	16598	122631	dbcan		false	16598	16597	99.99397517773225
PUL0031	NC_004307	126816	130943	216816	dbcan		false	2256640	8602	0.38118618831537154
PUL0032	NC_004307	1500956	1505431	216816	dbcan		false	2256640	8602	0.38118618831537154
PUL0033	CP047437	423122	429159	2133	dbcan		true	1742208	6037	0.3465143082800676
PUL0034	CP001655	2245522	2247504	556	dbcan		false	4813854	7891	0.16392271140753334
PUL0035	CP001655	2247754	2253663	556	dbcan		false	4813854	7891	0.16392271140753334
PUL0037	AE005672	1798266	1808537	1313	dbcan		false	2160842	47935	2.218348217963183
PUL0038	AP046146	1761475	1771524	56956	dbcan		true	2139201	10049	0.46975482902261173
PUL0039	AF135399	770	5022	274	dbcan		false	5311	4252	80.06025230653361
PUL0040	CP001348	852611	864099	1521	dbcan		true	4068724	43063	1.0583907878735446
PUL0041	U61727	1	3733	571	dbcan		false	3850	3732	96.93506493506493
PUL0042	CP001340	1311323	1319129	155892	dbcan		false	4042929	7806	0.19307784034792597
PUL0044	AAXF02000051	128613	194006	28116	dbcan		false	507553	95453	18.806508876905465
PUL0045	DS264583	286501	307432	28116	dbcan		false	555155	20931	3.770298385135683
PUL0048	NC_004350	1910627	1915135	1309	dbcan		false	2032925	22373	1.100532483982439
PUL0049	LT796702	173	31111	1861841	dbcan		false	31149	30938	99.32261067771036
PUL0050	LT796703	70	23956	1861841	dbcan		false	24131	23886	98.98470846628818
PUL0051	CP002534	303130	314951	979	dbcan		false	3765936	11821	0.31389274804457645
PUL0052	CP000449	288889	301419	74318	dbcan		false	3368780	12530	0.37194473963868224
PUL0053	AM743169	2619918	2632750	40324	dbcan		false	4851126	12832	0.26451590826542126
PUL0054	CP003873	1019219	1032616	28108	dbcan		false	4629479	13397	0.2893846154178472
PUL0055	GL945092	21043	32944	457387	dbcan		false	609109	11901	1.9538374904984166
PUL0056	NZ_DS995511	374866	385955	28111	dbcan		false	989858	11089	1.1202616941015782
PUL0058	CP195112	3211476	3219388	1423	dbcan		true	4266306	14462	0.3389817795535529
PUL0063	DS264579	32561	60327	28116	dbcan		false	428982	27766	6.472532647057452
PUL0064	EQ973490	1996377	2022549	246787	dbcan		false	2178212	26172	1.2015359386505997
PUL0065	CP129143	1614202	1642634	820	dbcan		true	4709701	28432	0.6036901280994271
PUL0066	GL882630	4456	29812	626930	dbcan		false	137728	25356	18.410199814126393
PUL0067	GL891979	376649	402405	156974	dbcan		false	1016930	25756	2.5327210329127867
PUL0068	AM886293	23902	29914	562	dbcan		false	168113	6012	3.576166031181408
PUL0078	L18965	1	6760	28238	dbcan		false	6760	6759	99.98520710059172
PUL0081	BA000032	67900	82169	670	dbcan		false	1877212	14269	0.7601165984449278
PUL0082	SIWZ01000001	3978451	3984965	1423	dbcan		false	4063450	6514	0.16030712817925655
PUL0083	CP119677	2232181	2256834	29362	dbcan		true	5027861	30790	0.6123876535170721
PUL0084	ACXX02000002	36152	61034	29362	dbcan		false	471863	30745	6.51566238505668
PUL0085	CP119677	2269358	2275495	29362	dbcan		true	5027861	30790	0.6123876535170721
PUL0086	ACXX02000002	63554	69417	29362	dbcan		false	471863	30745	6.51566238505668
PUL0087	ACXX02000007	23245	29169	29362	dbcan		false	237393	5924	2.4954400508860832
PUL0088	AP014571	837475	848081	1309	dbcan		true	2094589	10606	0.5063523201926488
PUL0089	ACXX02000001	231005	233522	29362	dbcan		false	699012	2517	0.36007965528488783
PUL0093	LR131278	76	36757	77133	dbcan		false	36787	36681	99.71185473129094
PUL0094	LR131279	41	41664	77133	dbcan		false	41855	41623	99.44570541153983
PUL0095	LR131281	28	29389	77133	dbcan		false	30142	29361	97.40893105965098
PUL0096	LR131286	29	34237	77133	dbcan		false	34305	34208	99.71724238449205
PUL0097	NZ_KB905472	535723	561211	204516	dbcan		false	3116102	25488	0.8179449838291558
PUL0098	NZ_DS990126	30380	44393	310297	dbcan		false	123012	44334	36.04038630377524
PUL0099	NZ_GG692727	64567	74095	166486	dbcan		false	94057	9528	10.130027536493829
PUL0100	NZ_CP027060	4090005	4095238	562	dbcan		false	4653240	5233	0.11245927568747797
PUL0101	NZ_DS990126	54056	84377	310297	dbcan		false	123012	44334	36.04038630377524
PUL0102	LR131274	620	32300	77133	dbcan		false	33103	31680	95.70129595504939
PUL0103	LR131282	26	32565	77133	dbcan		false	31485	32539	103.34762585358106
PUL0104	LR131283	35	30809	77133	dbcan		false	37246	30774	82.62363743757719
PUL0105	LR131284	577	44510	77133	dbcan		false	44544	43933	98.62832255747126
PUL0106	LR594814	9279	42631	77133	dbcan		true	42594	69303	162.70601493168053
PUL0107	LR131275	175	27831	77133	dbcan		false	27897	27656	99.13610782521418
PUL0108	NZ_NFHS01000001	745835	779958	820	dbcan		false	814155	34123	4.191216660218263
PUL0109	LR131277	26	32565	77133	dbcan		false	34121	32539	95.36355909850239
PUL0110	LR131280	35	30809	77133	dbcan		false	31202	30774	98.6282930581373
PUL0111	U00096	4340720	4344790	562	dbcan		false	4641652	4070	0.08768429860747855
PUL0112	LR594814	6931	42882	77133	dbcan		true	42594	69303	162.70601493168053
PUL0113	NZ_GG697150	404290	430480	853	dbcan		false	556161	26190	4.709068057630794
PUL0114	CP001348	1505662	1537237	1521	dbcan		false	4068724	43063	1.0583907878735446
PUL0116	AE015928	626800	629842	818	dbcan		false	6260361	885442	14.143625263782711
PUL0117	AE015928	1300094	1337010	818	dbcan		false	6260361	885442	14.143625263782711
PUL0118	NZ_DS362241	149200	163732	820	dbcan		false	210193	14532	6.913646030077119
PUL0120	AE015928	5798923	5807973	818	dbcan		false	6260361	885442	14.143625263782711
PUL0122	NC_023151	1598265	1608135	2336	dbcan		false	1869644	9870	0.527907986761116
PUL0126	LR136958	1950044	1962304	2358187	dbcan		false	4731105	31860	0.6734156185500004
PUL0127	LR136958	3936797	3956397	2358187	dbcan		false	4731105	31860	0.6734156185500004
PUL0129	Ga0139390_150	30256	49978	749906	dbcan		false		19722	
PUL0135	MH687413	1	27138	53249	dbcan		false	27138	27137	99.99631513007591
PUL0136	ADOP01000016	43718	80113	228	dbcan		false	90307	36395	40.301416280022586
PUL0137	CP028460	589943	596176	302912	dbcan		false	1932687	60037	3.106400570811518
PUL0138	CP028460	1879108	1890055	302912	dbcan		false	1932687	60037	3.106400570811518
PUL0139	CP028460	61377	75411	302912	dbcan		false	1932687	60037	3.106400570811518
PUL0140	CP028460	622448	639066	302912	dbcan		false	1932687	60037	3.106400570811518
PUL0141	CP028460	153312	158539	302912	dbcan		false	1932687	60037	3.106400570811518
PUL0142	CP028460	1843829	1850807	302912	dbcan		false	1932687	60037	3.106400570811518
PUL0144	AP006878	1552919	1569129	311400	dbcan		false	2088737	16210	0.7760670682809755
PUL0146	CP000388	1036849	1074395	288	dbcan		false	5187005	47263	0.9111809223241543
PUL0147	NZ_LT965930	17040	67290	227	dbcan		false	143981	50250	34.900438252269396
PUL0150	LT965928	1244357	1267465	227	dbcan		false	3620649	23108	0.6382281187709717
PUL0152	CP000388	4406812	4416529	288	dbcan		false	5187005	47263	0.9111809223241543
PUL0153	CP067366	5514	10079	47715	dbcan		true	63181	4565	7.2252734208068885
PUL0154	CP067365	320452	325085	47715	dbcan		true	3172945	4633	0.1460157676858565
PUL0155	AE007870	11703	21103	1176649	dbcan		false	2075577	9400	0.45288611311457005
PUL0156	CP044228	415061	417884	47715	dbcan		true	3022021	2823	0.09341430784233465
PUL0157	CP017063	289897	294527	47715	dbcan		true	2972590	4630	0.15575642789621172
PUL0158	NC_013199	311240	315872	47715	dbcan		false	2968598	21412	0.7212832454916429
PUL0159	FM179324	40411	43234	47715	dbcan		false	64508	2823	4.376201401376574
PUL0164	NZ_JHZY01000004	1690359	1719497	1392489	dbcan		false	2318059	29138	1.2569999296825491
PUL0166	NC_016776	3710042	3720606	817	dbcan		false	5373121	37350	0.6951267243004577
PUL0168	AE005176	2053080	2066266	1360	dbcan		false	2365589	13186	0.557408746827957
PUL0169	AM039952	3088883	3109438	456327	dbcan		false	5178466	20555	0.39693221892351904
PUL0174	CP001736	4338948	4346415	182640	dbcan		false	7579488	15023	0.19820600019420836
PUL0175	AY526725	111	5257	39650	dbcan		false	6510	5146	79.04761904761905
PUL0176	CP001736	1994155	2001711	182640	dbcan		false	7579488	15023	0.19820600019420836
PUL0179	JH724241	777587	798381	28116	dbcan		false	3664698	20794	0.5674137405046746
PUL0180	CR626927	973099	1007603	817	dbcan		false	5205140	39433	0.7575780862762577
PUL0186	AE007317	274499	281042	1313	dbcan		false	2038615	16814	0.8247756442486688
PUL0187	NC_012914	1124076	1136568	324057	dbcan		false	7184930	12492	0.17386390681607197
PUL0194	AE005672	2050572	2061389	1313	dbcan		false	2160842	47935	2.218348217963183
PUL0195	NC_003030	444719	451147	1488	dbcan		false	3940880	6428	0.16311077728832138
PUL0196	NC_010999	288852	300044	1582	dbcan		false	3079196	11192	0.36347150360029046
PUL0197	NC_004350	1488085	1497922	1309	dbcan		false	2032925	22373	1.100532483982439
PUL0199	NC_007912	4176251	4200317	86304	dbcan		false	5057531	24066	0.4758448341690837
PUL0207	NC_004368	1951803	1958763	1311	dbcan		false	2211485	6960	0.3147206515079234
PUL0208	AH007017	89	8199	43657	dbcan		false	8301	8110	97.69907240091555
PUL0209	CP002038	3416624	3428226	204038	dbcan		false	4922802	22897	0.4651212866168495
PUL0210	NC_008261	473690	487358	1502	dbcan		false	3256683	13668	0.4196908326662435
PUL0211	AE008922	3414366	3434455	340	dbcan		false	5076188	62493	1.231100975771583
PUL0212	NC_008618	2006567	2020309	1680	dbcan		false	2089645	36014	1.7234506339593567
PUL0213	NC_008618	2044437	2051250	1680	dbcan		false	2089645	36014	1.7234506339593567
PUL0214	NC_008618	1763016	1778475	1680	dbcan		false	2089645	36014	1.7234506339593567
PUL0215	NC_010995	3175359	3185628	155077	dbcan		false	4576573	10269	0.2243818682669325
PUL0217	NZ_KE386494	1052130	1059390	44256	dbcan		false	1071729	23797	2.220430724558167
PUL0218	HF548278	1	41173	433724	dbcan		false	41175	41172	99.99271402550092
PUL0219	CP107221	585722	596170	1597	dbcan		true	3116663	10448	0.33523034091270054
PUL0220	JPDI01000001	2291648	2313366	1336803	dbcan		false	2894172	21718	0.750404606222436
PUL0221	KC246798	14700	34417	1393449	dbcan		false	35040	19717	56.26997716894977
PUL0222	KC246824	16752	27980	1393527	dbcan		false	27980	11228	40.12866333095068
PUL0224	NC_011898	1502003	1537237	1521	dbcan		false	4068724	94353	2.3189825606258867
PUL0225	NZ_DS990130	72558	132837	310297	dbcan		false	760260	60279	7.928734906479362
PUL0227	JX087428	0	18201	44256	dbcan		false	18410	18201	98.8647474198805
PUL0229	CP001656	1572567	1584525	324057	dbcan		true	7184930	29815	0.4149657686296178
PUL0230	CP000033	1872452	1887508	1579	dbcan		false	1993560	46571	2.3360721523305044
PUL0231	AY870655	355	2710	555	dbcan		false	3050	2355	77.21311475409836
PUL0232	CP000303	2337397	2344915	1685	dbcan		false	2422684	43660	1.802133501521453
PUL0233	CP000303	2325349	2332210	1685	dbcan		false	2422684	43660	1.802133501521453
PUL0238	NC_000964	626622	633862	1423	dbcan		false	4215606	44346	1.0519484031477324
PUL0239	JX424618	10820	37418	1231727	dbcan		false	37675	26598	70.5985401459854
PUL0240	JX424621	4621	24098	1231728	dbcan		false	37939	19477	51.33767363399141
PUL0241	JX424622	7409	20096	1231729	dbcan		false	49907	12687	25.4212835874727
PUL0242	JX424627	4542	17611	1231730	dbcan		false	22810	13069	57.29504603244191
PUL0243	JX424628	13465	32307	1231731	dbcan		false	32307	18842	58.32172594174637
PUL0244	JUET01000139	87387	102782	28112	dbcan		false	112114	15395	13.731558948926985
PUL0245	AE005672	2072292	2085657	1313	dbcan		false	2160842	47935	2.218348217963183
PUL0246	AAZZ01000003	96120	112614	1313	dbcan		false	199671	16494	8.260588668359452
PUL0248	AE016795	775591	796807	672	dbcan		false	3281866	21216	0.646461494771572
PUL0249	NC_000964	761662	776790	1423	dbcan		false	4215606	44346	1.0519484031477324
PUL0251	AE015928	5656890	5668765	818	dbcan		false	6260361	885442	14.143625263782711
PUL0252	AE015928	5419109	5433257	818	dbcan		false	6260361	885442	14.143625263782711
PUL0262	CP012801	5567610	5593852	246787	dbcan		false	7084828	389489	5.497508196388113
PUL0263	CP012801	5620956	5634301	246787	dbcan		false	7084828	389489	5.497508196388113
PUL0264	NZ_SEUH01000010	54056	99413	77608	dbcan		false	111950	45357	40.5154086645824
PUL0265	CP066726	1454207	1456872	1288	dbcan		true	2900259	2665	0.09188834514434745
PUL0266	NC_012028	114293	135268	2247	dbcan		false	525943	20975	3.9880747533477963
PUL0267	CP000033	665968	680930	1579	dbcan		false	1993560	46571	2.3360721523305044
PUL0268	BA000043	726823	732934	1462	dbcan		false	3544776	6111	0.17239453212276318
PUL0269	NC_017943	25887	44810	2252	dbcan		false	321908	18923	5.878387613852405
PUL0271	CP001515	53714	59731	302911	dbcan		false	1938709	63302	3.2651625385759284
PUL0272	CP001515	565133	571261	302911	dbcan		false	1938709	63302	3.2651625385759284
PUL0273	CP001515	574340	581311	302911	dbcan		false	1938709	63302	3.2651625385759284
PUL0274	CP001515	604574	622423	302911	dbcan		false	1938709	63302	3.2651625385759284
PUL0275	CP001515	1845783	1858407	302911	dbcan		false	1938709	63302	3.2651625385759284
PUL0276	CP001515	1884284	1897997	302911	dbcan		false	1938709	63302	3.2651625385759284
PUL0277	AE005672	1624067	1629762	1313	dbcan		false	2160842	47935	2.218348217963183
PUL0278	AE005672	1710372	1718159	1313	dbcan		false	2160842	47935	2.218348217963183
PUL0279	CP000410	1598353	1605802	1313	dbcan		false	2046116	13992	0.6838321971970308
PUL0282	JF327803	80	11724	1422	dbcan		false	13109	11644	88.8244717369746
PUL0283	CP000303	555379	565250	1685	dbcan		false	2422684	43660	1.802133501521453
PUL0284	CP000303	1928568	1934764	1685	dbcan		false	2422684	43660	1.802133501521453
PUL0285	CP000303	707814	714874	1685	dbcan		false	2422684	43660	1.802133501521453
PUL0289	CP000685	4598617	4627427	986	dbcan		false	6096872	52717	0.8646564992671651
PUL0291	CP014225	2260803	2272654	562	dbcan		false	4659625	11851	0.2543337714944872
PUL0292	CP002745	3513314	3529757	158899	dbcan		true	5186898	25643	0.49438026350238623
PUL0294	PJEE01000011	293988	308944	216816	dbcan		false	519233	14956	2.8804024397524812
PUL0295	NZ_PJEF01000016	18122	45020	216816	dbcan		false	58371	26898	46.081101917047846
PUL0296	PJDT01000028	157706	165136	216816	dbcan		false	178408	7430	4.164611452401237
PUL0297	NZ_PJEG01000006	13106	25205	216816	dbcan		false	36295	12099	33.33517013362722
PUL0298	NZ_PJEE01000001	419370	431274	216816	dbcan		false	454785	11904	2.617500577195818
PUL0299	NZ_PJDX01000003	147509	164237	216816	dbcan		false	210964	16728	7.929314954210197
PUL0300	NZ_PJDO01000018	15593	34141	216816	dbcan		false	117618	18548	15.769695114693329
PUL0302	AE015928	417722	455321	818	dbcan		false	6260361	885442	14.143625263782711
PUL0303	CP002745	3093918	3103118	158899	dbcan		true	5186898	25643	0.49438026350238623
PUL0304	AE015928	6116237	6129985	818	dbcan		false	6260361	885442	14.143625263782711
PUL0305	AE015928	5371714	5408988	818	dbcan		false	6260361	885442	14.143625263782711
PUL0306	NZ_DS264584	990972	1007441	28116	dbcan		false	1147684	16469	1.4349768751677292
PUL0307	NZ_HG326223	3032487	3037022	615	dbcan		false	5113802	9429	0.1843833609514017
PUL0309	NZ_KE386494	723442	739979	44256	dbcan		false	1071729	23797	2.220430724558167
PUL0311	HG738867	3086037	3095373	562	dbcan		false	4527247	9336	0.20621803935150876
PUL0312	AM889285	473742	477151	33996	dbcan		true	3944163	3409	0.08643151918417165
PUL0313	FP476056	4847515	4853424	63186	dbcan		false	5521712	929780	16.838618167698712
PUL0317	FP476056	4920036	4924412	63186	dbcan		false	5521712	929780	16.838618167698712
PUL0320	CP001393	1929397	1982736	31899	dbcan		false	2919718	53339	1.826854511291844
PUL0321	NC_007946	1676979	1683154	562	dbcan		false	5065741	6175	0.12189727031050344
PUL0322	NZ_LACM01000001	2094992	2154688	1387557	dbcan		false	2834482	59696	2.1060638240073497
PUL0323	NZ_CP034484	3496872	3504872	135461	dbcan		false	4211262	8000	0.18996680804946356
PUL0325	AE015928	4246707	4258987	818	dbcan		false	6260361	885442	14.143625263782711
PUL0326	DS264584	82516	94883	28116	dbcan		false	1147684	12367	1.0775614193453946
PUL0327	NZ_CAWH010000143	18754	27639	1351	dbcan		false	54473	8885	16.31083288968847
PUL0331	NC_006840	662465	667978	668	dbcan		false	2897536	5513	0.1902651080090118
PUL0332	LT674122	387	30039	77133	dbcan		false	30320	29652	97.79683377308707
PUL0333	LT674123	51	34440	77133	dbcan		false	35883	34389	95.83646852269877
PUL0334	LT674124	1	40228	77133	dbcan		false	40408	40227	99.55206889724806
PUL0335	LT674125	126	38827	77133	dbcan		false	38900	38701	99.48843187660668
PUL0336	LT674128	646	31612	77133	dbcan		true	44062	73654	167.15991103445145
PUL0337	LT674127	155	35766	77133	dbcan		false	35824	35611	99.40542652970076
PUL0338	LT674128	328	43016	77133	dbcan		false	44062	73654	167.15991103445145
PUL0339	LT674129	20	37156	77133	dbcan		false	37308	37136	99.53897287445052
PUL0340	LT674130	36	29087	77133	dbcan		false	29180	29051	99.55791638108293
PUL0341	LT674131	1	35638	77133	dbcan		false	35820	35637	99.48911222780569
PUL0342	NC_014033	3346598	3359433	839	dbcan		false	3619559	12835	0.3546012097053812
PUL0343	LT674132	107	30768	77133	dbcan		false	30877	30661	99.30045017326813
PUL0344	CP000685	5499208	5523115	986	dbcan		false	6096872	52717	0.8646564992671651
PUL0345	ABJL02000008	2468545	2529030	329854	dbcan		false	3472993	60485	1.7415813967952138
PUL0346	HE717017	1	22889	77133	dbcan		false	39093	22888	58.547566060420024
PUL0347	CP006712	1904821	1922254	1685	dbcan		false	2288919	17433	0.7616259028825397
PUL0348	AP006841	2022215	2049211	817	dbcan		false	5277274	26996	0.5115519868780738
PUL0349	NC_013192	1609965	1613940	40542	dbcan		false	2465610	3975	0.16121771083017997
PUL0351	CP098927	3322685	3327569	562	dbcan		true	5310763	4884	0.09196418669031173
PUL0352	AE015928	1987600	1998053	818	dbcan		false	6260361	885442	14.143625263782711
PUL0354	AE015928	3611934	3629267	818	dbcan		false	6260361	885442	14.143625263782711
PUL0356	AE015928	6174951	6185842	818	dbcan		false	6260361	885442	14.143625263782711
PUL0357	AE015928	1061861	1068345	818	dbcan		false	6260361	885442	14.143625263782711
PUL0361	CP007013	997862	1008239	2336	dbcan		false	1869644	10377	0.5550254486950457
PUL0362	AE008922	3996974	4004221	340	dbcan		false	5076188	62493	1.231100975771583
PUL0363	AE008922	150292	155526	340	dbcan		false	5076188	62493	1.231100975771583
PUL0364	AE008922	4895164	4909294	340	dbcan		false	5076188	62493	1.231100975771583
PUL0365	AE008922	2926204	2941997	340	dbcan		false	5076188	62493	1.231100975771583
PUL0366	AP031375	584065	595538	562	dbcan		true	5031330	11473	0.2280311567716687
PUL0367	AE014295	1171511	1175802	216816	dbcan		false	2256640	4291	0.19014995745887692
PUL0368	CP001095	2595574	2636747	1682	dbcan		false	2832748	41173	1.453464974646527
PUL0370	AP009044	3017544	3021779	1718	dbcan		false	3314179	8649	0.26096960966803545
PUL0371	AB034969	247	8393	91619	dbcan		false	8400	8146	96.97619047619048
PUL0372	AP009044	2877504	2881918	1718	dbcan		false	3314179	8649	0.26096960966803545
PUL0373	CP002038	406834	413500	204038	dbcan		false	4922802	22897	0.4651212866168495
PUL0374	CP002038	1781030	1785659	204038	dbcan		false	4922802	22897	0.4651212866168495
PUL0376	AE015928	3502745	3522095	818	dbcan		false	6260361	885442	14.143625263782711
PUL0377	AE015928	4269304	4322090	818	dbcan		false	6260361	885442	14.143625263782711
PUL0380	AE015928	5185604	5205167	818	dbcan		false	6260361	885442	14.143625263782711
PUL0381	NC_002505	1355388	1361117	666	dbcan		false	2961149	31644	1.0686392342972273
PUL0382	AE015928	5582952	5601271	818	dbcan		false	6260361	885442	14.143625263782711
PUL0383	AE015928	5739541	5749363	818	dbcan		false	6260361	885442	14.143625263782711
PUL0384	AE015928	6085860	6111470	818	dbcan		false	6260361	885442	14.143625263782711
PUL0385	NC_011898	838275	864108	1521	dbcan		false	4068724	94353	2.3189825606258867
PUL0387	NC_003902	4057997	4068416	340	dbcan		false	5076188	10419	0.2052524453389039
PUL0390	NC_000853	51632	81458	2336	dbcan		false	1860725	29826	1.602923591610797
PUL0392	FP929033	5671246	5693505	371601	dbcan		false	5976145	290475	4.860574835449943
PUL0393	AB516430	932	22419	252514	dbcan		false	22777	21487	94.3363919743601
PUL0394	GU591787	20	7392	360807	dbcan		false	7858	7372	93.81522015780097
PUL0395	DQ868502	1562	38010	1422	dbcan		false	77747	74450	95.75932190309594
PUL0396	AM260479	327968	338299	106590	dbcan		false	4052032	10331	0.2549584998341573
PUL0397	CP002113	931942	940427	28188	dbcan		false	2571406	25317	0.9845586422369708
PUL0398	CP002113	1883302	1900134	28188	dbcan		false	2571406	25317	0.9845586422369708
PUL0399	CP000033	1437361	1453914	1579	dbcan		false	1993560	46571	2.3360721523305044
PUL0400	CABDWQ010000001	1088947	1111260	28108	dbcan		false	4672348	80584	1.7247003005769261
PUL0401	CABDWQ010000001	4308631	4326179	28108	dbcan		false	4672348	80584	1.7247003005769261
PUL0402	AP012281	1563593	1571798	1046624	dbcan		false	2421471	8205	0.33884362026222903
PUL0403	CABDWQ010000001	4637792	4645257	28108	dbcan		false	4672348	80584	1.7247003005769261
PUL0404	CABDWQ010000001	2755697	2777573	28108	dbcan		false	4672348	80584	1.7247003005769261
PUL0405	CABDWQ010000001	4433602	4444984	28108	dbcan		false	4672348	80584	1.7247003005769261
PUL0406	NZ_PXJC01000002	246468	268868	35786	dbcan		false	323931	22400	6.915052897067586
PUL0407	EU670680	425	5007	1582	dbcan		false	12009	4582	38.15471729536181
PUL0408	CR626927	944105	949034	817	dbcan		false	5205140	39433	0.7575780862762577
PUL0410	AOMX01000002	934681	941265	562	dbcan		false	2315828	6584	0.28430436111835594
PUL0411	CP091797	108100	110252	77095	dbcan		true	1104623	2152	0.19481759840235086
PUL0412	AF417111	170	3605	305	dbcan		false	3969	3435	86.54572940287225
PUL0413	JQ844187	25	31062	1181542	dbcan		false	31215	31037	99.42976133269262
PUL0414	JN903693	25	31062	1194347	dbcan		false	31148	31037	99.64363683061512
PUL0415	LT622246	4223492	4232464	28116	dbcan		true	6475296	224887	3.4729995354652514
PUL0416	AAXF02000045	159078	179453	28116	dbcan		false	201844	39689	19.663205247616972
PUL0417	AAXF02000045	182417	201731	28116	dbcan		false	201844	39689	19.663205247616972
PUL0418	AAXF02000047	50166	64939	28116	dbcan		false	267235	36872	13.797593878047412
PUL0419	AAXF02000049	5637	24413	28116	dbcan		false	428982	18776	4.376873621737043
PUL0420	AAXF02000051	82282	90818	28116	dbcan		false	507553	95453	18.806508876905465
PUL0421	AAXF02000051	282755	296970	28116	dbcan		false	507553	95453	18.806508876905465
PUL0422	AAXF02000051	328985	336294	28116	dbcan		false	507553	95453	18.806508876905465
PUL0423	CP000916	783518	787893	2337	dbcan		true	1884562	4375	0.23214943313088135
PUL0424	AAXF02000052	427830	453092	28116	dbcan		false	491071	25262	5.144266307723323
PUL0425	AAXF02000053	430410	446578	28116	dbcan		false	555155	16168	2.912339796993632
PUL0426	AAXF02000054	154068	176391	28116	dbcan		false	1147684	32639	2.8439012829315384
PUL0427	AAXF02000054	993485	1003801	28116	dbcan		false	1147684	32639	2.8439012829315384
PUL0434	CP002160	3447553	3461646	1493	dbcan		true	5262222	64511	1.2259269943381332
PUL0454	CP003170	4053711	4085799	134676	dbcan		false	9239851	32088	0.34727832732367653
PUL0455	CP180380	153186	157662	28025	dbcan		true	1944188	4476	0.23022464905657272
PUL0456_1	CP091800	811569	817528	77095	dbcan		false	1144609	24154	2.1102402654530934
PUL0456_2	CP091800	49194	67389	77095	dbcan		false	1144609	24154	2.1102402654530934
PUL0457	CP045181	2414390	2424236	231049	dbcan		true	2837676	9846	0.34697407315000023
PUL0458	NZ_PJAI02000005	97665	174649	1982103	dbcan		false	230662	76984	33.37524169564124
PUL0459	NZ_PJAI02000001	312861	400633	1982103	dbcan		false	664069	87772	13.217301214181056
PUL0460	NZ_LSNE01000005	77024	114972	1799789	dbcan		false	925268	89045	9.623698215003653
PUL0463	AE015928	520419	541138	818	dbcan		false	6260361	885442	14.143625263782711
PUL0465	AE015928	1588730	1600485	818	dbcan		false	6260361	885442	14.143625263782711
PUL0466	NC_000964	2938330	2948875	1423	dbcan		false	4215606	44346	1.0519484031477324
PUL0467	AE015928	1998220	2027198	818	dbcan		false	6260361	885442	14.143625263782711
PUL0468	AE015928	4457047	4526084	818	dbcan		false	6260361	885442	14.143625263782711
PUL0470	AE015928	4866087	4875193	818	dbcan		false	6260361	885442	14.143625263782711
PUL0471	AE015928	5142097	5162752	818	dbcan		false	6260361	885442	14.143625263782711
PUL0472	AE015928	5301977	5353000	818	dbcan		false	6260361	885442	14.143625263782711
PUL0475	LN997842	3957983	3965681	1926	dbcan		false	8353915	7698	0.09214841185240692
PUL0486	AE007317	1679660	1689931	1313	dbcan		false	2038615	16814	0.8247756442486688
PUL0497	AB063629	537	7768	43662	dbcan		false	8167	7231	88.539243296192
PUL0508	CP109280	2338086	2344759	1952	dbcan		true	6066002	6673	0.11000655786133931
PUL0519	NC_003098	1895736	1905654	1313	dbcan		false	2038615	23668	1.1609842957105683
PUL0520	AY297960	551	3742	571	dbcan		false	4055	3191	78.69297163995068
PUL0526	NZ_CP012938	4323087	4335455	28116	dbcan		false	6472489	423946	6.549968644210906
PUL0527	NZ_CP012938	3774860	3807877	28116	dbcan		false	6472489	423946	6.549968644210906
PUL0528	NZ_CP012938	3918991	3935883	28116	dbcan		false	6472489	423946	6.549968644210906
PUL0529	NZ_CP012938	5623780	5679732	28116	dbcan		false	6472489	423946	6.549968644210906
PUL0531	NZ_HG326223	172559	177453	615	dbcan		false	5113802	9429	0.1843833609514017
PUL0532	CP012801	925123	954278	246787	dbcan		false	7084828	389489	5.497508196388113
PUL0533	CP012801	970841	992635	246787	dbcan		false	7084828	389489	5.497508196388113
PUL0534	CP012801	1395119	1415148	246787	dbcan		false	7084828	389489	5.497508196388113
PUL0535	CP012801	1905313	1924770	246787	dbcan		false	7084828	389489	5.497508196388113
PUL0536	CP012801	2024923	2035361	246787	dbcan		false	7084828	389489	5.497508196388113
PUL0537	CP012801	2262180	2278234	246787	dbcan		false	7084828	389489	5.497508196388113
PUL0538	CP012801	2388865	2412814	246787	dbcan		false	7084828	389489	5.497508196388113
PUL0539	CP012801	2467595	2494001	246787	dbcan		false	7084828	389489	5.497508196388113
PUL0540	CP012801	2988996	3000925	246787	dbcan		false	7084828	389489	5.497508196388113
PUL0541	CP012801	3093489	3107238	246787	dbcan		false	7084828	389489	5.497508196388113
PUL0542	DQ868502	38552	76554	1422	dbcan		false	77747	74450	95.75932190309594
PUL0543	CP012801	3131879	3145280	246787	dbcan		false	7084828	389489	5.497508196388113
PUL0545	CP012801	3674190	3695070	246787	dbcan		false	7084828	389489	5.497508196388113
PUL0546	CP012801	3762614	3783277	246787	dbcan		false	7084828	389489	5.497508196388113
PUL0547	CP012801	3873827	3892680	246787	dbcan		false	7084828	389489	5.497508196388113
PUL0548	CP012801	3934555	3947059	246787	dbcan		false	7084828	389489	5.497508196388113
PUL0549	CP012801	5229371	5243662	246787	dbcan		false	7084828	389489	5.497508196388113
PUL0550	CP012801	5289963	5307396	246787	dbcan		false	7084828	389489	5.497508196388113
PUL0551	CP012801	5665654	5677137	246787	dbcan		false	7084828	389489	5.497508196388113
PUL0552	CP012801	6309775	6324625	246787	dbcan		false	7084828	389489	5.497508196388113
PUL0553	FP929033	3588797	3632016	371601	dbcan		false	5976145	290475	4.860574835449943
PUL0554	CP012801	6804983	6817567	246787	dbcan		false	7084828	389489	5.497508196388113
PUL0555	NC_016776	437949	454517	817	dbcan		false	5373121	37350	0.6951267243004577
PUL0556	NC_016776	1583511	1593729	817	dbcan		false	5373121	37350	0.6951267243004577
PUL0558	AE015928	1200747	1298373	818	dbcan		false	6260361	885442	14.143625263782711
PUL0559	AE015928	4749697	4766546	818	dbcan		false	6260361	885442	14.143625263782711
PUL0560	AE015928	292568	340723	818	dbcan		false	6260361	885442	14.143625263782711
PUL0561	NC_004567	3100330	3091774	1590	dbcan		false	3308273	2022	0.06111950253198572
PUL0563	AE015928	4766676	4792038	818	dbcan		false	6260361	885442	14.143625263782711
PUL0564	AE015928	5441391	5517337	818	dbcan		false	6260361	885442	14.143625263782711
PUL0565	NZ_CP012938	3590082	3608913	28116	dbcan		false	6472489	423946	6.549968644210906
PUL0566	NZ_CP012938	6315776	6332245	28116	dbcan		false	6472489	423946	6.549968644210906
PUL0568	NZ_CP010086	6311368	6316315	1520	dbcan		false	6485394	4947	0.07627909730696393
PUL0569	NC_000964	3536012	3540727	1423	dbcan		false	4215606	44346	1.0519484031477324
PUL0570	CP004047	3044797	3049045	1718	dbcan		true	3350620	4248	0.1267825059242767
PUL0571	AE006468	1390110	1397061	28901	dbcan		false	4857450	6951	0.14309977457307846
PUL0572	CP007224	1516668	1533320	287	dbcan		false	6444091	16652	0.25840727575076144
PUL0573	NC_010572	5564640	5570805	1911	dbcan		false	8545929	6165	0.07213961173793978
PUL0574	NC_002737	1312429	1324390	1314	dbcan		false	1852433	11961	0.6456913691345382
PUL0575	CP111455	113322	127003	1352	dbcan		true	247149	13681	5.535527151637272
PUL0576	CP001840	1236100	1248439	1681	dbcan		false	2214656	12339	0.5571519910992949
PUL0577	NC_006370	541673	560134	74109	dbcan		false	4085304	18461	0.45188803574960396
PUL0578	CP000303	153080	159234	1685	dbcan		false	2422684	43660	1.802133501521453
PUL0579	NC_002505	1058502	1062895	666	dbcan		false	2961149	31644	1.0686392342972273
PUL0580	NC_002505	1930173	1932886	666	dbcan		false	2961149	31644	1.0686392342972273
PUL0581	AB669415	174	4818	1081041	dbcan		false	4913	4644	94.52473030734785
PUL0582	AM406671	174930	179693	1358	dbcan		false	2529478	4763	0.18829972033755582
PUL0583	U07818	1	4306	1422	dbcan		false	5026	4305	85.65459610027855
PUL0584	CP001834	2317224	2332669	1358	dbcan		false	2598144	15445	0.5944628165336486
PUL0585	CP000410	274549	281092	1313	dbcan		false	2046116	13992	0.6838321971970308
PUL0586	CP193986	3504395	3508842	615	dbcan		true	5083761	4447	0.08747460787397363
PUL0588	AL645882	5692292	5696970	1902	dbcan		false	8667507	27789	0.3206112207350972
PUL0589	CP007016	1487974	1492885	1309	dbcan		false	2031692	4911	0.2417197094835241
PUL0590	CP003351	890659	896916	1352	dbcan		true	2952485	6257	0.2119231765783738
PUL0591	NC_000964	3594242	3598020	1423	dbcan		false	4215606	44346	1.0519484031477324
PUL0592	CP001656	1572581	1584525	324057	dbcan		false	7184930	29815	0.4149657686296178
PUL0593	M57692	1434	12828	33950	dbcan		false	12854	11394	88.64166796327991
PUL0594	CP001656	4094827	4100740	324057	dbcan		false	7184930	29815	0.4149657686296178
PUL0595	FP929042	2173768	2180902	39491	dbcan		false	3344951	12691	0.3794076505156578
PUL0596	FP929042	196460	202017	39491	dbcan		false	3344951	12691	0.3794076505156578
PUL0597	KM066603	110	6942	909925	dbcan		false	6947	6832	98.34460918382035
PUL0598	CP002160	731364	737408	573061	dbcan		false	5262222	64511	1.2259269943381332
PUL0599	CP002160	3141436	3150824	1493	dbcan		false	5262222	64511	1.2259269943381332
PUL0600	CP002160	3925850	3941689	1493	dbcan		false	5262222	64511	1.2259269943381332
PUL0601	CP002160	2667794	2686941	1493	dbcan		false	5262222	64511	1.2259269943381332
PUL0602	CP002835	2158671	2196700	1426	dbcan		false	3893306	38029	0.9767791177986009
PUL0603	NC_004567	2676726	2679930	1590	dbcan		false	3308273	2022	0.06111950253198572
PUL0604	NC_004567	164479	171853	1590	dbcan		false	3308273	2022	0.06111950253198572
PUL0605	CP025268	3564821	3574189	562	dbcan		false	4643559	9368	0.20174181053799467
PUL0606	NC_020517	389206	393826	1685	dbcan		false	2422684	4620	0.19069758994569658
PUL0607	NZ_CP014224	1677698	1717015	1790137	dbcan		false	3427057	109007	3.180775808514419
PUL0608	NC_015977	885483	897323	301301	dbcan		false	3592125	31254	0.8700699446706337
PUL0609	NZ_ACFY01000084	45466	61920	360807	dbcan		false	110525	16454	14.887129608685818
PUL0610	CP001807	1220087	1251526	29549	dbcan		false	3261604	31439	0.9639122345937765
PUL0611	RHLG01000001	87985	112122	1883156	dbcan		false	984888	24137	2.4507355151042556
PUL0612	RHLF01000001	1252462	1269410	192149	dbcan		false	1487548	16948	1.139324579778266
PUL0613	JABKKG010000003	315037	327406	2736291	dbcan		false	491845	12369	2.514816659720034
PUL0614	JABKKG010000004	10910	19195	2736291	dbcan		false	403616	19594	4.854614286846904
PUL0615	JABKKG010000004	347323	358632	2736291	dbcan		false	403616	19594	4.854614286846904
PUL0616	JABKKG010000005	52557	72877	2736291	dbcan		false	319247	45418	14.226601972767167
PUL0617	JABKKG010000005	106573	131671	2736291	dbcan		false	319247	45418	14.226601972767167
PUL0618	JABKKG010000006	163785	179147	2736291	dbcan		false	217139	15362	7.074730932720516
PUL0619	JABKKE010000013	76512	87027	2736291	dbcan		false	101960	10515	10.312867791290703
PUL0620	JABKKE010000016	24466	52842	2736291	dbcan		false	91913	28376	30.872673071273923
PUL0621	JABKKE010000002	129359	150740	2736291	dbcan		false	253660	21381	8.428999448080107
PUL0622	JABKKE010000021	12378	52329	2736291	dbcan		false	60972	39951	65.52351899232434
PUL0623	JABKKF010000001	275500	306619	2736291	dbcan		false	586828	61158	10.421793097807194
PUL0624	JABKKF010000001	437271	467310	2736291	dbcan		false	586828	61158	10.421793097807194
PUL0625	JABKKF010000013	29296	73074	2736291	dbcan		false	76661	43778	57.105960005739554
PUL0626	JAATOH010000049	5342	40541	47770	dbcan		false	40541	35199	86.82321600355196
PUL0630	HF548280	18604	35744	433724	dbcan		false	36811	17140	46.56216891689984
PUL0631	NZ_CP060437	182863	192114	1537215	dbcan		false	202410	9251	4.570426362333877
PUL0632	NZ_ACFY01000156	29140	36513	360807	dbcan		false	66589	7373	11.072399345237201
PUL0633	CP173697	2451102	2458343	301302	dbcan		true	3385415	7241	0.21388810529875954
PUL0634	NC_012781	236959	244278	39491	dbcan		false	3449685	7319	0.21216429905918946
PUL0635	NZ_BLYL01000002	70950	76292	33043	dbcan		false	261617	5342	2.041916236330208
PUL0636	NZ_BLYL01000009	14990	22272	33043	dbcan		false	141654	7282	5.140694932723396
PUL0637	NZ_CP022479	1869091	1875620	853	dbcan		false	3110044	6529	0.209932721209089
PUL0638	AP028031	763559	771396	649756	dbcan		true	2804089	7837	0.27948470965079925
PUL0639	NZ_KB290676	26972	32883	649756	dbcan		false	100419	5911	5.886336251107858
PUL0640	NZ_KB290658	52148	63706	649756	dbcan		false	127508	11558	9.064529284437056
PUL0641	NZ_DS499729	73694	81982	105841	dbcan		false	107816	8288	7.687170735326853
PUL0642	NZ_LR027880	4318380	4338276	166486	dbcan		false	4493348	19896	0.4427878722057584
PUL0643	NZ_ABJL02000007	167129	189673	329854	dbcan		false	1438659	22544	1.567014838123558
PUL0644	NZ_EQ973490	1329075	1352417	246787	dbcan		false	2178212	23342	1.0716128641289278
PUL0645	NZ_JH992941	1220565	1238669	626931	dbcan		false	1624090	18104	1.114716548959725
PUL0646	NZ_GL882612	2624	15125	626930	dbcan		false	28032	12501	44.59546232876713
PUL0647	NC_004350	1459786	1467814	1309	dbcan		false	2032925	22373	1.100532483982439
PUL0648	NZ_GL892007	234463	309097	163665	dbcan		false	404348	74634	18.457863028876115
PUL0650	NZ_AP022379	35557	47456	216816	dbcan		false	2273627	11899	0.5233488166704565
PUL0651	NZ_KB898707	82900	184489	396005	dbcan		false	774481	101589	13.117042251520695
PUL0653	AL645882	3831534	3854645	1902	dbcan		false	8667507	27789	0.3206112207350972
PUL0654	NZ_CAJQES010000007	56564	116108	320912	dbcan		false	132542	59544	44.92462766519292
PUL0655	NZ_CAJQES010000017	10692	25936	320912	dbcan		false	80886	15244	18.84627747694286
PUL0657	LC529899	1	7951	1479	dbcan		false	7951	7950	99.98742296566469
PUL0658	NC_021020	1747686	1765259	853	dbcan		false	3214418	23132	0.7196326053425535
PUL0659	NC_021020	989705	995264	853	dbcan		false	3214418	23132	0.7196326053425535
PUL0662	NZ_DS995531	353357	368726	357276	dbcan		false	832081	46752	5.618683757951449
PUL0663	NZ_DS990123	30514	46197	310297	dbcan		false	147256	15683	10.650160265116531
PUL0664	NZ_DS990119	268931	297885	310297	dbcan		false	571288	28954	5.068196776406996
PUL0666	NC_004663	4732770	4741675	818	dbcan		false	6260361	1922704	30.712350294176325
PUL0667	NC_004663	4883107	4887725	818	dbcan		false	6260361	1922704	30.712350294176325
PUL0669	NZ_GL622542	196589	248685	28111	dbcan		false	349369	52096	14.911454651099554
PUL0671	NC_008255	1051545	1060308	985	dbcan		false	4433218	8763	0.19766679644447893
PUL0673	NZ_AP012330	2208139	2217803	28026	dbcan		false	2313752	9664	0.41767657034980415
PUL0674	NZ_DS264579	171439	188809	28116	dbcan		false	428982	17370	4.049120942137432
PUL0675	NZ_MWQX02000053	2616	8450	573	dbcan		false	12562	5834	46.44164941888234
PUL0676	NZ_MYFP02000002	307028	312828	1963027	dbcan		false	326526	5800	1.7762750898856445
PUL0677	NZ_MYFN02000025	10359	16112	1967501	dbcan		false	33819	5753	17.011147579762856
PUL0678	JAHNZS010000006	75338	83140	1590	dbcan		false	138284	7802	5.64201209105898
PUL0679	JAHNZS010000043	498	9566	1590	dbcan		false	18145	9068	49.9751997795536
PUL0680	NZ_DS362248	13508	46981	820	dbcan		false	487318	33473	6.868820770010547
PUL0681	JABUTP010000015	7177	23063	2212467	dbcan		false	32695	15886	48.588469184890656
PUL0682	JABUUE010000008	60606	67086	2212467	dbcan		false	104757	6480	6.185744150748876
PUL0683	NC_009004	1815995	1823564	1358	dbcan		false	2529478	20146	0.7964489115936173
PUL0684	NZ_CP016797	2087543	2092403	1580	dbcan		false	2488939	4860	0.19526392571292425
PUL0686	NZ_GG694015	628137	645739	46124	dbcan		false	760519	17602	2.314472090769593
PUL0687	CP000139	52180	64275	821	dbcan		false	5163189	39499	0.7650117011017803
PUL0691	NZ_CP090614	182893	204524	28169	dbcan		false	3057872	21631	0.707387359575548
PUL0692	NZ_CP090615	881004	916339	28169	dbcan		false	1309572	35335	2.698209796788569
PUL0693	NZ_CP090616	203954	225503	28169	dbcan		false	241480	21549	8.923720390922643
PUL0694	NC_012034	212375	236250	31899	dbcan		false	2919718	52084	1.7838709080808488
PUL0695	NC_012034	697213	703783	31899	dbcan		false	2919718	52084	1.7838709080808488
PUL0696	NC_012034	939000	956668	31899	dbcan		false	2919718	52084	1.7838709080808488
PUL0697	NC_012034	2873292	2877263	31899	dbcan		false	2919718	52084	1.7838709080808488
PUL0698	NZ_JQNJ01000001	479375	519385	111500	dbcan		false	4424696	40010	0.904242912959444
PUL0699	NC_015977	2480616	2500030	585394	dbcan		false	3592125	31254	0.8700699446706337
PUL0700	NC_016610	2445130	2461032	203275	dbcan		false	3405521	33250	0.9763557470354757
PUL0701	NC_003919	4984490	5029051	346	dbcan		false	5175554	76433	1.4768080866318851
PUL0702	NC_003919	2024740	2042333	346	dbcan		false	5175554	76433	1.4768080866318851
PUL0703	NZ_CP098511	2147167	2215680	2949996	dbcan		false	4431522	68513	1.5460376818618975
PUL0704	NZ_JPOL01000002	485437	525817	1392488	dbcan		false	3672893	73433	1.999323149353929
PUL0705	NZ_JPOL01000002	858730	891783	1392488	dbcan		false	3672893	73433	1.999323149353929
PUL0706	NC_008228	929370	998729	288	dbcan		false	5187005	219293	4.2277383576842515
PUL0707	NC_008228	2345055	2410403	288	dbcan		false	5187005	219293	4.2277383576842515
PUL0708	NC_008228	2803538	2853937	288	dbcan		false	5187005	219293	4.2277383576842515
PUL0709	NC_008228	3084705	3118892	288	dbcan		false	5187005	219293	4.2277383576842515
PUL0710	NC_010655	641820	650608	239935	dbcan		false	2664102	16216	0.6086854031865147
PUL0711	NC_010655	1310567	1317995	239935	dbcan		false	2664102	16216	0.6086854031865147
PUL0714	NZ_CP012938	4902937	4918992	28116	dbcan		false	6472489	423946	6.549968644210906
PUL0715	NZ_CP014224	2761835	2778420	1790137	dbcan		false	3427057	109007	3.180775808514419
PUL0716	JAPFGC010000002	2829899	2854950	2708110	dbcan		false	3065842	25051	0.8171001636744489
PUL0717	NC_004663	3989587	4001991	818	dbcan		false	6260361	1922704	30.712350294176325
PUL0718	NZ_CP113514	6031188	6049179	28116	dbcan		false	6743055	17991	0.26680784896460136
PUL0719	NC_003919	3056086	3070365	346	dbcan		false	5175554	76433	1.4768080866318851
PUL0720	NC_015067	266861	284077	216816	dbcan		false	2385164	79112	3.316836913520412
PUL0721	NZ_CP046176	3701356	3726995	357276	dbcan		false	5625488	25639	0.4557649043069686
PUL0722	NZ_CP074436	2331852	2376746	2806551	dbcan		false	4423854	44894	1.0148164925876848
PUL0723	NZ_DS995531	42179	73562	357276	dbcan		false	832081	46752	5.618683757951449
PUL0724	NC_009614	266736	296905	821	dbcan		false	5163189	30169	0.5843094258219097
PUL0725	NZGN01000053	366	10437	2024839	dbcan		false	14394	10071	69.96665277198832
PUL0726	NC_003063	302505	312552	1176649	dbcan		false	2075577	10047	0.4840581679214985
PUL0727	NZ_CP014224	1788619	1841724	1790137	dbcan		false	3427057	109007	3.180775808514419
PUL0728	JABDHV010000033	5144	33037	239935	dbcan		false	33560	27893	83.11382598331348
PUL0729	NC_020238	5336873	5346552	1428	dbcan		false	5646799	9679	0.17140684483368365
PUL0730	NC_014934	476402	500825	59600	dbcan		false	4888353	24423	0.49961612837698094
PUL0731	NZ_KI912107	951732	990598	982	dbcan		false	5926711	38866	0.6557768718602949
PUL0732	NZ_CP009976	4522759	4551467	76594	dbcan		false	4635105	28708	0.6193602949663491
PUL0733	NZ_KB890760	14002	39447	346377	dbcan		false	148935	25445	17.08463423641186
PUL0734	NC_015167	1997203	2029289	979	dbcan		false	3765936	32086	0.8520059820453667
PUL0735	CP090790	1349248	1376163	216816	dbcan		true	2417164	26915	1.1134949883417096
PUL0736	NZ_GL882595	202523	218248	626929	dbcan		false	483280	15725	3.2538073166694255
PUL0737	NZ_VISB01000001	216319	247401	1250050	dbcan		false	4347041	183411	4.219214863627926
PUL0738	NZ_VISB01000001	3238797	3314997	1250050	dbcan		false	4347041	183411	4.219214863627926
PUL0739	NZ_VISB01000001	3898483	3974612	1250050	dbcan		false	4347041	183411	4.219214863627926
PUL0740	NC_011593	2442411	2445795	216816	dbcan		false	2832748	17474	0.616856847132184
PUL0741	NC_011593	2558878	2565276	216816	dbcan		false	2832748	17474	0.616856847132184
PUL0742	NC_011593	395169	402861	216816	dbcan		false	2832748	17474	0.616856847132184
PUL0743	NC_011898	1548963	1567460	1521	dbcan		false	4068724	94353	2.3189825606258867
PUL0744	NC_002973	2802883	2807265	1639	dbcan		false	2905187	4382	0.15083366406362136
PUL0745	NZ_CP012938	14804	35944	28116	dbcan		false	6472489	423946	6.549968644210906
PUL0746	NZ_CP012938	402704	416580	28116	dbcan		false	6472489	423946	6.549968644210906
PUL0747	NZ_CP012938	2036824	2056868	28116	dbcan		false	6472489	423946	6.549968644210906
PUL0748	NZ_CP028092	2624663	2654379	2571030	dbcan		false	5256878	29716	0.5652784789755441
PUL0749	OZ022674	14403	20763	77133	dbcan		false	22594	6360	28.14906612374967
PUL0750	NZ_CP102288	243976	266452	165179	dbcan		false	3325514	211696	6.3658129239570185
PUL0751	NZ_JAEFCJ010000001	3865119	3871380	562	dbcan		false	5176680	6261	0.12094624353832958
PUL0752	NZ_CP084061	2698236	2712112	2877527	dbcan		false	6247046	13876	0.22212098326152874
PUL0753	NZ_CP022413	515673	529175	1322	dbcan		false	3065949	13502	0.44038566851568633
PUL0754	NZ_GG657685	174321	185015	53443	dbcan		false	474463	10694	2.2539165330067887
PUL0755	NZ_BTHI01000008	50227	64778	418240	dbcan		false	135822	14551	10.71328650734049
PUL0756	NZ_JH815203	384150	410513	742726	dbcan		false	1217791	26363	2.1648213856072185
PUL0757	NZ_JH815204	116612	129267	742726	dbcan		false	979427	20908	2.134717544033399
PUL0758	NZ_JH815204	771118	779371	742726	dbcan		false	979427	20908	2.134717544033399
PUL0759	NZ_CP102288	355831	365545	537011	dbcan		false	3325514	211696	6.3658129239570185
PUL0760	NZ_CP102288	546421	560634	537011	dbcan		false	3325514	211696	6.3658129239570185
PUL0761	NZ_CP102288	3016180	3034875	537011	dbcan		false	3325514	211696	6.3658129239570185
PUL0762	NZ_CP102288	3278053	3299246	537011	dbcan		false	3325514	211696	6.3658129239570185
PUL0763	NZ_CP102288	3309626	3319524	537011	dbcan		false	3325514	211696	6.3658129239570185
PUL0764	NZ_CP102288	2782	11969	537011	dbcan		false	3325514	211696	6.3658129239570185
PUL0765	NZ_CP102288	24235	42294	537011	dbcan		false	3325514	211696	6.3658129239570185
PUL0766	NZ_CP102288	2366674	2377238	537011	dbcan		false	3325514	211696	6.3658129239570185
PUL0767	NZ_CP102288	434338	466766	537011	dbcan		false	3325514	211696	6.3658129239570185
PUL0768	NZ_CP102288	3094181	3109415	537011	dbcan		false	3325514	211696	6.3658129239570185
PUL0769	NZ_CP102288	2453316	2471587	537011	dbcan		false	3325514	211696	6.3658129239570185
PUL0770	NZ_CP102288	864253	876017	537011	dbcan		false	3325514	211696	6.3658129239570185
PUL0771	CAWLDL010000001	6731951	6765929	595460	dbcan		false	9109604	169096	1.8562387563718468
PUL0772	CAWLDL010000001	7739220	7751801	595460	dbcan		false	9109604	169096	1.8562387563718468
PUL0773	CAWLDL010000001	7900164	7920634	595460	dbcan		false	9109604	169096	1.8562387563718468
PUL0774	CAWLDL010000001	8246839	8283270	595460	dbcan		false	9109604	169096	1.8562387563718468
PUL0775	CAWLDL010000001	8412786	8431923	595460	dbcan		false	9109604	169096	1.8562387563718468
PUL0776	CAWLDL010000001	8830237	8876736	595460	dbcan		false	9109604	169096	1.8562387563718468
PUL0777	NZ_CAWLDM010000001	825302	866107	445327	dbcan		false	7962739	288137	3.618566425447324
PUL0778	NZ_CAWLDM010000001	1354823	1382854	445327	dbcan		false	7962739	288137	3.618566425447324
PUL0779	NZ_CAWLDM010000001	1497165	1524265	445327	dbcan		false	7962739	288137	3.618566425447324
PUL0780	NZ_CAWLDM010000001	2673596	2721482	445327	dbcan		false	7962739	288137	3.618566425447324
PUL0781	NZ_CAWLDM010000001	4971656	5000661	445327	dbcan		false	7962739	288137	3.618566425447324
PUL0782	NZ_CAWLDM010000001	5325807	5350204	445327	dbcan		false	7962739	288137	3.618566425447324
PUL0783	NZ_CAWLDM010000001	6350456	6389301	445327	dbcan		false	7962739	288137	3.618566425447324
PUL0784	NZ_CAWLDM010000001	6897268	6909411	445327	dbcan		false	7962739	288137	3.618566425447324
PUL0785	NZ_CAWLDM010000001	7257044	7296969	445327	dbcan		false	7962739	288137	3.618566425447324
PUL0786	NZ_CP012938	686700	736482	28116	dbcan		false	6472489	423946	6.549968644210906
PUL0787	NZ_CP012938	5695360	5755102	28116	dbcan		false	6472489	423946	6.549968644210906
PUL0788	NZ_CP012938	5761137	5810545	28116	dbcan		false	6472489	423946	6.549968644210906
PUL0789	NZ_CP012938	6454296	6471913	28116	dbcan		false	6472489	423946	6.549968644210906
PUL0790	NZ_CP012938	781108	787422	28116	dbcan		false	6472489	423946	6.549968644210906
PUL0791	NZ_CP012938	844103	860542	28116	dbcan		false	6472489	423946	6.549968644210906
PUL0792	NZ_CP079235	549827	573387	28026	dbcan		false	2316707	23560	1.01696071190703
PUL0793	NZ_ABJL02000006	46951	77011	329854	dbcan		false	574965	30060	5.228144321828285
PUL0794	NZ_ABJL02000008	835017	876949	329854	dbcan		false	3472993	104417	3.0065421957372216
PUL0796	NZ_LSNE01000005	187809	238906	1799789	dbcan		false	925268	89045	9.623698215003653
10363_PUL0587	CP019300	699265	706680	28131	puldb_dbcan	merged	false	1965935	7415	0.37717421990045447
19097_PUL0160	NZ_JQNQ01000001	1814119	1877793	1250278	puldb_dbcan	merged	false	4212161	110825	2.631072269079933
19099_PUL0165	NZ_JQNQ01000001	2250021	2279840	1250278	puldb_dbcan	merged	false	4212161	110825	2.631072269079933
21121_21122_PUL0132	FP476056	230679	268488	63186	puldb_dbcan	merged	false	5521712	929780	16.838618167698712
21123_PUL0318_21124	FP476056	275509	307872	63186	puldb_dbcan_puldb	merged	false	5521712	929780	16.838618167698712
21126_21127	FP476056	398989	466536		puldb	merged	false	5521712	929780	16.838618167698712
21129_21130	FP476056	484942	508227		puldb	merged	false	5521712	929780	16.838618167698712
21135_21136	FP476056	1250098	1281471		puldb	merged	false	5521712	929780	16.838618167698712
21147_PUL0151	FP476056	3065129	3084329	63186	puldb_dbcan	merged	false	5521712	929780	16.838618167698712
21152_21153	FP476056	3938479	4000085		puldb	merged	false	5521712	929780	16.838618167698712
21154_21155	FP476056	4018270	4054164		puldb	merged	false	5521712	929780	16.838618167698712
21156_21157	FP476056	4070820	4102585		puldb	merged	false	5521712	929780	16.838618167698712
21158_PUL0315	FP476056	4125495	4143881	63186	puldb_dbcan	merged	false	5521712	929780	16.838618167698712
21167_PUL0316	FP476056	5363176	5389576	63186	puldb_dbcan	merged	false	5521712	929780	16.838618167698712
21169_PUL0148	FP476056	3633325	3658429	63186	puldb_dbcan	merged	false	5521712	929780	16.838618167698712
24470_24471_PUL0328	CP016359	326512	381160	1486245	puldb_dbcan	merged	false	4007868	294672	7.352337951249892
24472_PUL0329	CP016359	397120	435831	1486245	puldb_dbcan	merged	false	4007868	294672	7.352337951249892
24477_PUL0330	CP016359	2418903	2462893	1486245	puldb_dbcan	merged	false	4007868	294672	7.352337951249892
250_251	NZ_AAXF02000039	65548	95883		puldb	merged	false	121138	61975	51.16065974343311
258_259_260	NZ_AAXF02000042	78886	133519		puldb	merged	false	143787	79895	55.56482853109113
266_267	NZ_AAXF02000045	158078	202731		puldb	merged	false	201844	85713	42.46497294940647
269_270_271	NZ_AAXF02000046	180704	243579		puldb	merged	false	243546	104271	42.81367790889606
272_273_274	NZ_AAXF02000047	30441	79692		puldb	merged	false	267235	152343	57.007128557262334
275_276	NZ_AAXF02000047	108596	158278		puldb	merged	false	267235	152343	57.007128557262334
27817_27818_27903	NC_004663	519419	573833		puldb	merged	false	6260361	1922704	30.712350294176325
27828_27829_27905	NC_004663	1986600	2028198		puldb	merged	false	6260361	1922704	30.712350294176325
27831_PUL0008	NC_004663	2163759	2187087	818	puldb_dbcan	merged	false	6260361	1922704	30.712350294176325
27833_PUL0690	NC_004663	2348872	2366011	818	puldb_dbcan	merged	false	6260361	1922704	30.712350294176325
27837_27838	NC_004663	2746782	2776734		puldb	merged	false	6260361	1922704	30.712350294176325
27845_27899_PUL0161	NC_004663	3253829	3301755	818	puldb_dbcan	merged	false	6260361	1922704	30.712350294176325
27848_PUL0689	NC_004663	3556328	3579591	818	puldb_dbcan	merged	false	6260361	1922704	30.712350294176325
27849_27850_27851	NC_004663	3610934	3674260		puldb	merged	false	6260361	1922704	30.712350294176325
27856_PUL0665	NC_004663	3851033	3869605	818	puldb_dbcan	merged	false	6260361	1922704	30.712350294176325
27859_PUL0688	NC_004663	4017183	4029556	818	puldb_dbcan	merged	false	6260361	1922704	30.712350294176325
27861_PUL0712	NC_004663	4124849	4143407	818	puldb_dbcan	merged	false	6260361	1922704	30.712350294176325
27862_27863	NC_004663	4173538	4201087		puldb	merged	false	6260361	1922704	30.712350294176325
27866_27867	NC_004663	4268304	4323090		puldb	merged	false	6260361	1922704	30.712350294176325
27870_PUL0713	NC_004663	4614173	4628579	818	puldb_dbcan	merged	false	6260361	1922704	30.712350294176325
27873_27902_27874	NC_004663	4748697	4793038		puldb	merged	false	6260361	1922704	30.712350294176325
27875_PUL0204	NC_004663	4799873	4817693	818	puldb_dbcan	merged	false	6260361	1922704	30.712350294176325
27877_27900_PUL0163	NC_004663	4892415	4930042	818	puldb_dbcan	merged	false	6260361	1922704	30.712350294176325
27878_PUL0162	NC_004663	5011915	5035451	818	puldb_dbcan	merged	false	6260361	1922704	30.712350294176325
27879_27880	NC_004663	5127179	5163752		puldb	merged	false	6260361	1922704	30.712350294176325
27894_27895	NC_004663	6084860	6132980		puldb	merged	false	6260361	1922704	30.712350294176325
27898_27901_27822_27823	NC_004663	1193776	1338010		puldb	merged	false	6260361	1922704	30.712350294176325
279_280_346_281	NZ_AAXF02000049	4637	74704		puldb	merged	false	428982	287563	67.03381493862213
284_285	NZ_AAXF02000049	170439	209240		puldb	merged	false	428982	287563	67.03381493862213
289_290	NZ_AAXF02000049	322927	359914		puldb	merged	false	428982	287563	67.03381493862213
292_293	NZ_AAXF02000050	10382	40695		puldb	merged	false	426007	135004	31.69055907532036
304_305	NZ_AAXF02000051	81282	120504		puldb	merged	false	507553	313167	61.70133956453809
3068_PUL0189	FP929033	735268	775130	371601	puldb_dbcan	merged	false	5976145	290475	4.860574835449943
3069_PUL0190	FP929033	1840730	1873020	371601	puldb_dbcan	merged	false	5976145	290475	4.860574835449943
306_347	NZ_AAXF02000051	127525	195006		puldb	merged	false	507553	313167	61.70133956453809
3070_PUL0191	FP929033	3987941	4011183	371601	puldb_dbcan	merged	false	5976145	290475	4.860574835449943
3071_PUL0192_3072_PUL0193	FP929033	4023208	4142706	371601	puldb_dbcan_puldb_dbcan	merged	false	5976145	290475	4.860574835449943
308_309	NZ_AAXF02000051	261865	299810		puldb	merged	false	507553	313167	61.70133956453809
31418_PUL0235	CU207366	1203786	1228271	411153	puldb_dbcan	merged	false	3798465	61450	1.617758752548727
31419_PUL0236	CU207366	2257233	2278112	411153	puldb_dbcan	merged	false	3798465	61450	1.617758752548727
315_316	NZ_AAXF02000051	428239	474031		puldb	merged	false	507553	313167	61.70133956453809
337_338	NZ_AAXF02000054	661128	687790		puldb	merged	false	1147684	409058	35.642040840510106
340_341_348	NZ_AAXF02000054	952450	1010442		puldb	merged	false	1147684	409058	35.642040840510106
3775_PUL0171	FQ312004	4059271	4071266	817	puldb_dbcan	merged	false	5373121	55804	1.038577020692443
4084_PUL0473	NC_009441	1372643	1390113	986	puldb_dbcan	merged	false	6096872	658150	10.794879735051023
4086_PUL0474	NC_009441	1803386	1823482	986	puldb_dbcan	merged	false	6096872	658150	10.794879735051023
4088_PUL0476_4089	NC_009441	2360555	2415232	986	puldb_dbcan_puldb	merged	false	6096872	658150	10.794879735051023
4091_PUL0477	NC_009441	2908489	2922156	986	puldb_dbcan	merged	false	6096872	658150	10.794879735051023
4092_PUL0478	NC_009441	3223740	3241308	986	puldb_dbcan	merged	false	6096872	658150	10.794879735051023
4095_PUL0479	NC_009441	3676164	3719458	986	puldb_dbcan	merged	false	6096872	658150	10.794879735051023
4101_PUL0480_4102	NC_009441	4576233	4631944	986	puldb_dbcan_puldb	merged	false	6096872	658150	10.794879735051023
4104_PUL0482	NC_009441	4876994	4936368	986	puldb_dbcan	merged	false	6096872	658150	10.794879735051023
4107_PUL0483	NC_009441	5084429	5106641	986	puldb_dbcan	merged	false	6096872	658150	10.794879735051023
4108_PUL0484	NC_009441	5123512	5143865	986	puldb_dbcan	merged	false	6096872	658150	10.794879735051023
4111_PUL0485	NC_009441	5336222	5359507	986	puldb_dbcan	merged	false	6096872	658150	10.794879735051023
4112_4116	NC_009441	5498208	5524115		puldb	merged	false	6096872	658150	10.794879735051023
4115_PUL0488	NC_009441	5973734	5996493	986	puldb_dbcan	merged	false	6096872	658150	10.794879735051023
4162_4173	NC_015846	398052	419913		puldb	merged	false	2571406	177495	6.90264392320777
4168_4174	NC_015846	1882302	1901134		puldb	merged	false	2571406	177495	6.90264392320777
7760_PUL0442	NC_013132	2680099	2700496	79329	puldb_dbcan	merged	false	9127347	175952	1.9277452692441737
7761_PUL0440	NC_013132	3319046	3335701	79329	puldb_dbcan	merged	false	9127347	175952	1.9277452692441737
7762_PUL0438	NC_013132	3841071	3856769	79329	puldb_dbcan	merged	false	9127347	175952	1.9277452692441737
7763_PUL0436	NC_013132	6331436	6357908	79329	puldb_dbcan	merged	false	9127347	175952	1.9277452692441737
7764_PUL0443	NC_013132	6369913	6393100	79329	puldb_dbcan	merged	false	9127347	175952	1.9277452692441737
7765_PUL0444	NC_013132	7078936	7092227	79329	puldb_dbcan	merged	false	9127347	175952	1.9277452692441737
7766_PUL0441	NC_013132	7758625	7770685	79329	puldb_dbcan	merged	false	9127347	175952	1.9277452692441737
7767_PUL0437	NC_013132	7998112	8013270	79329	puldb_dbcan	merged	false	9127347	175952	1.9277452692441737
7768_PUL0435	NC_013132	8429021	8451532	79329	puldb_dbcan	merged	false	9127347	175952	1.9277452692441737
7769_PUL0439	NC_013132	8966770	8977293	79329	puldb_dbcan	merged	false	9127347	175952	1.9277452692441737
PUL0091_PUL0092	CP000139	5083180	5110584	821	dbcan	merged	false	5163189	39499	0.7650117011017803
PUL0149_21141_21142	FP476056	2560055	2608025	63186	dbcan_puldb_puldb	merged	false	5521712	929780	16.838618167698712
PUL0178_PUL0167	AAXF02000047	106585	128684	28116	dbcan	merged	false	267235	36872	13.797593878047412
PUL0205_27857_27858	NC_004663	3910956	3957529	818	dbcan_puldb_puldb	merged	false	6260361	1922704	30.712350294176325
PUL0216_PUL0445	AB011415	1	14738	28214	dbcan	merged	false	14852	14737	99.22569350929167
PUL0234_31420	CU207366	3621545	3637631	411153	dbcan_puldb	merged	false	3798465	61450	1.617758752548727
PUL0319_PUL0314	FP476056	3465709	3478173	63186	dbcan	merged	false	5521712	929780	16.838618167698712
PUL0464_PUL0115	AE015928	541795	572833	818	dbcan	merged	false	6260361	885442	14.143625263782711
PUL0795_4083	NC_009441	850019	874685	986	dbcan_puldb	merged	false	6096872	658150	10.794879735051023
