Organism,Scaffold,Start,End,Score,LT622246_659,LT622246_660,LT622246_661,LT622246_662,LT622246_663,LT622246_664,LT622246_665,LT622246_666,LT622246_667,LT622246_668,LT622246_669,LT622246_670,LT622246_671,LT622246_672,LT622246_673,LT622246_674,LT622246_675,LT622246_676,LT622246_677,LT622246_678,LT622246_679,LT622246_680,LT622246_681,LT622246_682,LT622246_683,LT622246_684,LT622246_685,LT622246_686,LT622246_687,LT622246_688,LT622246_689
ABJL02000008,ABJL02000008.1,745172,765972,5.2182,0,0,0,0,0,0,0,0,0,0,1,0,0,1,0,0,0,2,2,0,0,1,0,0,0,0,0,0,0,0,0
ABJL02000008,ABJL02000008.1,1075369,1104903,5.1052,0,1,1,0,0,0,0,0,0,0,0,0,0,0,0,0,0,0,0,0,0,0,0,0,0,0,0,2,0,0,0
ABJL02000008,ABJL02000008.1,2468544,2499775,3.1065,0,0,0,0,0,0,0,0,0,0,1,0,0,0,0,0,0,0,0,0,0,0,0,0,0,0,0,1,0,2,0
AE015928,AE015928.1,3478876,3491757,5.2522,0,0,0,0,0,0,0,0,1,0,1,0,0,2,0,0,0,0,0,0,0,1,0,1,0,0,0,0,0,0,0
AE015928,AE015928.1,3920822,3948193,3.1242,0,0,0,0,0,0,0,0,0,0,2,0,0,0,1,0,0,0,0,0,0,0,0,0,0,0,0,2,0,1,0
AE015928,AE015928.1,6099507,6126094,3.1163,0,0,0,0,0,0,0,0,0,0,1,0,0,0,2,0,0,0,0,0,0,0,0,0,0,0,0,1,0,1,0
AP006841,AP006841.1,451215,468523,3.1154,0,0,0,0,0,0,0,0,0,0,1,0,0,0,1,0,0,0,0,0,0,0,0,0,0,0,0,0,0,1,0
CP000139,CP000139.1,683214,728823,8.2926,0,1,0,0,0,0,0,0,0,0,2,0,0,0,4,1,0,0,0,0,0,0,0,0,0,0,0,2,0,1,0
CP000139,CP000139.1,1491421,1531331,6.2097,0,0,0,0,0,0,0,0,0,0,0,0,0,0,3,1,0,0,0,0,0,0,0,0,0,0,0,2,0,1,0
CP000139,CP000139.1,2847579,2884977,5.1243,0,2,0,0,1,0,0,0,0,0,0,0,0,0,0,0,0,0,0,0,0,0,0,0,0,0,0,1,0,1,0
CP000139,CP000139.1,4576029,4585557,4.1584,0,0,0,0,0,0,0,0,0,0,1,0,0,0,0,0,0,0,0,0,0,0,0,0,0,0,1,2,0,0,0
CP000139,CP000139.1,513495,534060,4.1036,0,0,1,0,0,0,0,0,0,0,0,0,0,0,0,0,0,0,0,0,0,1,0,0,0,0,0,1,0,1,0
CP000139,CP000139.1,836576,865378,3.1256,0,0,0,0,0,0,0,0,0,0,2,0,0,0,0,0,0,0,0,0,0,0,0,0,0,0,0,1,0,1,0
CP000139,CP000139.1,2318472,2358473,3.1149,0,0,0,0,0,0,0,0,0,0,1,0,0,0,1,0,0,0,0,0,0,0,0,0,0,0,0,2,0,1,0
CP000139,CP000139.1,1012497,1041795,3.0803,0,0,1,0,0,0,0,0,0,0,1,0,0,0,0,0,0,0,0,0,0,0,0,0,0,0,0,1,0,1,0
CP000685,CP000685.1,1381895,1387994,4.0849,0,1,0,0,0,0,0,0,0,0,0,0,0,0,1,1,0,0,0,0,0,0,0,0,0,0,0,0,0,0,0
CP000685,CP000685.1,3698565,3718458,3.1322,0,0,0,1,0,0,0,1,0,0,0,0,0,0,1,0,0,0,0,0,0,0,0,0,0,0,0,1,0,1,0
CP002534,CP002534.1,1353551,1363099,3.1008,0,1,0,0,0,0,0,0,0,0,1,0,0,0,1,0,0,0,0,0,0,0,0,0,0,0,0,2,0,0,0
CP012801,CP012801.1,1149290,1203348,8.2047,0,1,2,0,0,0,0,0,0,0,2,0,0,0,1,0,0,0,0,0,0,0,0,0,0,0,0,3,0,0,0
CP012801,CP012801.1,3406139,3465717,6.2129,0,0,0,0,0,0,0,0,0,0,2,0,0,0,3,0,0,0,0,0,0,0,0,0,0,0,0,3,0,3,0
CP012801,CP012801.1,748622,774306,5.2186,0,0,0,0,0,0,0,0,0,0,1,0,0,1,1,0,0,2,2,0,0,1,0,0,0,0,0,0,0,0,0
CP012801,CP012801.1,2128448,2178421,4.1741,0,0,0,0,0,0,0,0,0,0,2,0,0,0,2,0,0,0,0,0,0,0,0,0,0,0,0,1,0,1,0
CP012801,CP012801.1,3345125,3374702,4.1695,0,0,0,0,0,0,0,0,0,0,2,0,0,1,0,0,0,0,0,0,0,1,0,0,0,0,0,1,0,0,0
CP012801,CP012801.1,5589739,5634301,4.1600,0,0,0,0,0,0,0,0,0,0,2,0,0,0,1,0,0,0,0,0,0,0,0,0,0,0,0,1,0,2,0
CP012801,CP012801.1,3989541,4013079,4.1467,0,0,0,1,1,0,0,1,0,0,0,0,0,0,1,0,0,0,0,0,0,0,0,0,0,0,0,1,0,1,0
CP012801,CP012801.1,4706438,4726497,4.0683,0,1,1,0,0,0,0,0,0,0,1,0,0,0,0,0,0,0,0,0,0,0,0,0,0,0,0,0,0,0,0
CP012801,CP012801.1,3093488,3110490,3.1173,0,0,0,0,0,0,0,0,0,0,0,0,0,0,1,0,0,0,0,0,0,0,0,0,0,0,0,2,0,1,0
CP012801,CP012801.1,2866859,2897976,3.1141,0,0,0,0,0,0,0,0,0,0,0,0,0,0,0,0,0,0,0,0,0,0,0,0,0,0,0,1,1,2,0
CP012801,CP012801.1,3801530,3829142,3.1129,0,0,0,0,0,0,0,0,0,0,1,0,0,0,0,0,0,0,0,0,0,0,0,0,0,0,0,1,0,1,0
CP012801,CP012801.1,5217994,5243662,3.1095,0,0,0,0,0,0,0,0,0,0,0,0,0,0,1,0,0,0,0,0,0,0,0,0,0,0,0,1,0,1,0
CP016359,CP016359.1,732982,767389,5.1590,0,0,0,0,0,0,0,0,0,0,0,0,0,0,1,1,0,0,0,0,0,0,0,0,0,0,0,2,0,1,0
CP065889,CP065889.1,4552175,4588274,9.3164,0,0,0,0,0,0,0,0,0,0,1,0,0,2,1,1,0,1,1,0,0,1,0,0,0,0,0,2,0,1,0
CP065889,CP065889.1,566469,603801,5.1871,0,0,0,0,1,0,0,0,0,0,1,0,0,0,1,0,0,0,0,0,0,1,0,0,0,0,0,1,0,1,0
CP065889,CP065889.1,234328,246829,4.1374,0,0,0,0,0,0,0,0,0,0,0,0,0,1,0,0,0,1,1,0,0,1,0,0,0,0,0,0,0,1,0
CP065889,CP065889.1,1379234,1401952,3.1338,0,0,0,0,0,0,0,0,0,0,1,0,0,0,1,0,0,0,0,0,0,0,0,0,0,0,0,1,0,1,0
CP065889,CP065889.1,979610,1006145,3.1173,0,1,0,0,0,0,0,0,0,0,2,0,0,0,0,0,0,0,0,0,0,0,0,0,0,0,0,1,0,0,0
CP091797,CP091797.1,634043,654223,3.1135,0,0,0,0,0,0,0,0,0,0,1,0,0,0,1,0,0,0,0,0,0,0,0,0,0,0,0,2,0,1,0
CP091800,CP091800.1,634312,652973,3.1137,0,0,0,0,0,0,0,0,0,0,1,0,0,0,1,0,0,0,0,0,0,0,0,0,0,0,0,2,0,1,0
CR626927,CR626927.1,715845,736766,3.1164,0,0,0,1,0,0,0,1,0,0,0,0,0,0,0,0,0,0,0,0,0,0,0,0,0,0,0,2,0,0,0
CR626927,CR626927.1,397794,415084,3.1150,0,0,0,0,0,0,0,0,0,0,1,0,0,0,1,0,0,0,0,0,0,0,0,0,0,0,0,0,0,1,0
EQ973490,EQ973490.1,1979388,2032436,4.1776,0,0,0,0,0,0,0,0,0,0,1,0,0,0,0,0,0,1,1,0,0,0,0,0,0,0,0,2,0,1,0
EQ973490,EQ973490.1,1005206,1037140,4.1356,0,0,0,0,0,0,0,0,0,0,1,0,0,0,1,0,0,0,0,0,0,0,0,0,0,0,0,2,0,2,0
EQ973490,EQ973490.1,1586938,1611899,4.1343,0,0,0,1,1,0,0,1,0,0,1,0,0,0,1,0,0,0,0,0,0,0,0,0,0,0,0,1,0,1,0
EQ973490,EQ973490.1,331175,339853,4.1049,0,0,0,0,0,0,0,0,0,0,0,0,0,0,1,1,0,0,0,0,0,0,0,0,0,0,0,0,0,1,0
EQ973490,EQ973490.1,1067385,1098204,3.1351,0,0,0,0,0,0,0,0,0,0,1,0,0,0,1,0,0,0,0,0,0,0,0,0,0,0,0,0,0,1,0
EQ973490,EQ973490.1,430093,461211,3.1140,0,0,0,0,0,0,0,0,0,0,0,0,0,0,0,0,0,0,0,0,0,0,0,0,0,0,0,1,1,2,0
EQ973490,EQ973490.1,896962,905039,3.1128,0,0,0,0,0,0,0,0,0,0,1,0,0,1,0,0,0,0,0,0,0,1,0,0,0,0,0,0,0,0,0
FP476056,FP476056.1,277630,314891,4.1670,0,0,0,0,0,0,0,0,0,0,1,0,0,0,2,0,0,0,0,0,0,0,0,0,0,0,0,3,0,1,0
FP476056,FP476056.1,175876,211181,3.0986,0,0,0,0,0,0,0,0,0,0,1,0,0,0,0,0,0,0,0,0,0,0,0,0,0,0,0,1,0,2,0
FP929033,FP929033.1,2288887,2325106,46.1825,1,1,1,2,1,1,1,2,1,1,1,1,1,1,1,1,2,2,3,1,1,1,1,1,0,0,0,1,0,0,0
FP929033,FP929033.1,2790840,2860242,6.2581,0,0,0,0,0,0,0,0,0,0,4,0,0,0,0,0,0,0,0,0,0,0,0,0,0,0,0,1,1,2,0
FQ312004,FQ312004.1,5244964,5255477,4.1519,0,0,0,0,0,0,0,0,0,0,0,0,0,0,1,0,0,0,0,0,0,0,0,0,0,0,1,1,0,1,0
FQ312004,FQ312004.1,766439,787533,3.1163,0,0,0,1,0,0,0,1,0,0,0,0,0,0,0,0,0,0,0,0,0,0,0,0,0,0,0,2,0,0,0
GL882630,GL882630.1,43391,66383,3.1111,0,0,0,1,0,0,0,1,0,0,1,0,0,0,0,0,0,0,0,0,0,0,0,0,0,0,0,0,0,1,0
GL891979,GL891979.1,429622,450966,5.1250,0,0,1,0,0,0,0,0,0,0,0,0,0,0,2,1,0,0,0,0,0,0,0,0,0,0,0,0,0,0,0
GL945092,GL945092.1,214338,272238,4.1894,0,0,0,0,0,0,0,0,0,0,3,0,0,0,0,0,0,0,0,0,0,0,0,0,0,0,0,1,1,1,0
GL945092,GL945092.1,400430,435101,3.1483,0,0,0,0,0,0,0,0,0,0,1,0,0,0,1,0,0,0,0,0,0,0,0,0,0,0,0,2,0,0,0
HF548280,HF548280.1,3671,21807,3.1250,0,0,0,0,0,0,0,0,0,0,0,0,0,0,1,0,0,0,0,0,0,0,0,0,0,0,0,1,0,1,0
JH724241,JH724241.1,164159,241742,66.1254,1,1,1,2,1,1,1,2,1,1,3,1,1,1,4,1,2,2,3,2,2,1,1,1,1,1,1,4,1,1,1
JH724241,JH724241.1,1672307,1702040,3.1455,0,0,0,0,0,0,0,0,0,0,1,0,0,0,1,0,0,0,0,0,0,0,0,0,0,0,0,1,1,1,0
JH724241,JH724241.1,3157325,3192731,3.1183,0,0,0,0,0,0,0,0,0,0,1,0,0,0,1,0,0,0,0,0,0,0,0,0,0,0,0,2,0,1,0
LT622246,LT622246.1,805016,853968,61.1075,1,1,1,2,1,1,1,2,1,1,1,0,1,1,2,1,2,2,3,2,2,1,1,1,1,1,1,2,1,1,1
LT622246,LT622246.1,5826307,5867288,4.1420,0,1,0,0,0,0,0,0,0,0,1,0,0,0,0,0,0,0,0,0,0,0,0,0,0,0,0,1,1,2,0
LT622246,LT622246.1,4554546,4560570,4.0791,0,1,1,0,0,0,0,0,0,0,1,0,0,0,1,0,0,0,0,0,0,0,0,0,0,0,0,1,0,0,0
LT622246,LT622246.1,2177100,2206833,3.1451,0,0,0,0,0,0,0,0,0,0,1,0,0,0,1,0,0,0,0,0,0,0,0,0,0,0,0,1,1,1,0
LT622246,LT622246.1,3589469,3620182,3.1186,0,0,0,0,0,0,0,0,0,0,1,0,0,0,2,0,0,0,0,0,0,0,0,0,0,0,0,1,0,1,0
LT622246,LT622246.1,3992276,4017647,3.1094,0,0,0,0,0,0,0,0,0,0,0,0,0,0,2,0,0,0,0,0,0,0,0,0,0,0,0,2,0,1,0
LT622246,LT622246.1,1082012,1115323,3.1047,0,0,0,0,0,0,0,0,0,0,1,0,0,0,0,0,0,0,0,0,0,0,0,0,0,0,0,1,0,2,0
NC_013132,NC_013132.1,7773981,7782837,4.0862,0,0,0,0,0,0,0,0,0,0,0,0,0,0,1,1,0,0,0,0,0,0,0,0,0,0,0,1,0,1,0
NC_013132,NC_013132.1,7072969,7103085,3.0798,0,1,0,0,0,0,0,0,0,0,1,0,0,0,0,0,0,0,0,0,0,0,0,0,0,0,0,0,0,1,0
NC_014033,NC_014033.1,3285698,3324434,4.1690,0,0,0,0,0,0,0,0,0,0,2,0,0,0,1,0,0,0,0,0,0,0,0,0,0,0,0,1,0,0,0
NC_016610,NC_016610.1,2828031,2845822,3.1145,0,1,0,0,0,0,0,0,0,0,1,0,0,0,1,0,0,0,0,0,0,0,0,0,0,0,0,0,0,0,0
NZ_ABJL02000006,NZ_ABJL02000006.1,546178,571424,3.1109,0,0,0,0,0,0,0,0,0,0,0,0,0,0,2,0,0,0,0,0,0,0,0,0,0,0,0,2,0,1,0
NZ_ABJL02000007,NZ_ABJL02000007.1,808432,829475,4.1421,0,0,0,1,1,0,0,1,0,0,0,0,0,0,1,0,0,0,0,0,0,0,0,0,0,0,0,1,0,1,0
NZ_ABJL02000007,NZ_ABJL02000007.1,851351,891282,3.1188,0,0,0,0,0,0,0,0,0,0,1,0,0,0,0,0,0,0,0,0,0,0,0,0,0,0,0,1,0,1,0
NZ_CP028092,NZ_CP028092.1,1884806,1902276,6.2555,1,0,0,2,0,0,0,2,0,1,1,0,0,0,0,0,0,0,0,0,0,0,0,0,0,0,0,0,0,0,0
NZ_CP046176,NZ_CP046176.1,4496233,4549515,8.2791,0,1,0,0,0,0,0,0,0,0,2,0,0,0,2,1,0,0,0,0,0,0,0,0,0,0,0,3,0,1,0
NZ_CP046176,NZ_CP046176.1,4946821,4977910,5.1855,0,0,0,1,0,0,0,0,0,0,1,0,0,0,2,0,0,0,0,0,0,0,0,0,0,0,0,2,0,2,0
NZ_CP046176,NZ_CP046176.1,1128756,1165235,5.1231,0,2,0,0,1,0,0,0,0,0,0,0,0,0,0,0,0,0,0,0,0,0,0,0,0,0,0,1,0,1,0
NZ_CP046176,NZ_CP046176.1,4351618,4372183,4.1061,0,0,1,0,0,0,0,0,0,0,1,0,0,0,0,0,0,0,0,0,0,1,0,0,0,0,0,1,0,1,0
NZ_CP046176,NZ_CP046176.1,4844842,4867787,3.0809,0,0,1,0,0,0,0,0,0,0,1,0,0,0,0,0,0,0,0,0,0,0,0,0,0,0,0,1,0,1,0
NZ_CP113514,NZ_CP113514.1,5457622,5491932,44.0646,1,1,1,2,1,1,1,2,1,1,1,1,0,1,1,1,2,2,3,2,2,1,1,0,0,0,0,1,0,0,0
NZ_CP113514,NZ_CP113514.1,683161,706456,5.2285,0,0,0,0,0,0,0,0,0,0,0,0,0,0,1,0,0,0,0,0,0,0,0,0,0,0,1,2,0,0,0
NZ_CP113514,NZ_CP113514.1,4143883,4184729,4.1420,0,1,0,0,0,0,0,0,0,0,1,0,0,0,0,0,0,0,0,0,0,0,0,0,0,0,0,1,1,2,0
NZ_CP113514,NZ_CP113514.1,2702339,2708363,4.0792,0,1,1,0,0,0,0,0,0,0,1,0,0,0,1,0,0,0,0,0,0,0,0,0,0,0,0,1,0,0,0
NZ_DS995511,NZ_DS995511.1,696220,758697,5.1888,0,0,0,0,1,0,0,0,0,0,3,0,0,0,0,0,0,0,0,0,0,0,0,0,0,0,0,0,0,1,0
NZ_DS995511,NZ_DS995511.1,437246,459032,3.1140,0,0,0,0,0,0,0,0,0,0,0,0,0,0,1,0,0,0,0,0,0,0,0,0,0,0,0,1,0,1,0
NZ_GL882595,NZ_GL882595.1,120621,141951,3.1221,0,0,0,0,0,0,0,0,0,0,1,0,0,0,2,0,0,0,0,0,0,0,0,0,0,0,0,1,0,1,0
NZ_JH992941,NZ_JH992941.1,1030807,1080646,6.1918,0,0,0,0,0,0,0,0,0,0,0,0,0,0,3,1,0,0,0,0,0,0,0,0,0,0,0,1,0,1,0
NZ_JH992941,NZ_JH992941.1,89178,126012,3.1513,0,0,0,0,0,0,0,0,0,0,0,0,0,0,2,0,0,0,0,0,0,0,0,0,0,0,0,1,0,1,0
NZ_JH992941,NZ_JH992941.1,949854,954920,3.1212,0,0,0,0,0,0,0,0,0,0,0,0,0,1,0,0,0,0,0,0,0,1,0,0,0,0,0,1,0,0,0
NZ_JH992941,NZ_JH992941.1,1468549,1505227,3.1170,0,0,0,0,0,0,0,0,0,0,1,0,0,0,0,0,0,0,0,0,0,0,0,0,0,0,0,2,0,1,0
NZ_JH992941,NZ_JH992941.1,1569106,1584188,3.1152,0,0,0,1,1,0,0,1,0,0,0,0,0,0,1,0,0,0,0,0,0,0,0,0,0,0,0,1,0,0,0
NZ_JH992941,NZ_JH992941.1,687881,713613,3.0993,0,0,0,0,0,0,0,0,0,0,0,0,0,0,1,0,0,0,0,0,0,0,0,0,0,0,0,1,0,2,0
NZ_JQNJ01000001,NZ_JQNJ01000001.1,3098937,3132841,5.1471,0,0,0,0,0,0,0,0,0,0,1,0,0,0,1,1,0,0,0,0,0,0,0,0,0,0,0,1,0,1,0
NZ_KI912107,NZ_KI912107.1,5843367,5899217,5.1788,0,0,0,0,0,0,0,0,0,0,2,0,0,0,0,0,0,0,0,0,0,0,0,0,0,0,0,2,0,3,0
NZ_NFHS01000001,NZ_NFHS01000001.1,381816,404550,3.1336,0,0,0,0,0,0,0,0,0,0,1,0,0,0,1,0,0,0,0,0,0,0,0,0,0,0,0,1,0,1,0
