Organism,Scaffold,Start,End,Score,LT622246_831,LT622246_832,LT622246_833,LT622246_834,LT622246_835,LT622246_836,LT622246_837,LT622246_838,LT622246_839,LT622246_840,LT622246_841,LT622246_842,LT622246_843,LT622246_844,LT622246_845,LT622246_846,LT622246_847,LT622246_848,LT622246_849,LT622246_850,LT622246_851,LT622246_852,LT622246_853,LT622246_854,LT622246_855,LT622246_856,LT622246_857,LT622246_858,LT622246_859,LT622246_860,LT622246_861,LT622246_862,LT622246_863,LT622246_864,LT622246_865,LT622246_866,LT622246_867,LT622246_868,LT622246_869,LT622246_870
AE015928,AE015928.1,3838871,3844038,7.3165,0,0,0,0,0,0,0,0,0,0,0,0,0,0,1,1,1,1,0,0,0,0,0,0,0,0,0,0,0,0,0,0,0,0,0,0,0,0,0,0
AP006841,AP006841.1,5226017,5231124,7.2939,0,0,0,0,0,0,0,0,0,0,0,0,0,0,1,1,1,1,0,0,0,0,0,0,0,0,0,0,0,0,0,0,0,0,0,0,0,0,0,0
CP000139,CP000139.1,1657256,1662378,7.2723,0,0,0,0,0,0,0,0,0,0,0,0,0,0,1,1,1,1,0,0,0,0,0,0,0,0,0,0,0,0,0,0,0,0,0,0,0,0,0,0
CP012801,CP012801.1,3840117,3845336,7.2817,0,0,0,0,0,0,0,0,0,0,0,0,0,0,1,1,1,1,0,0,0,0,0,0,0,0,0,0,0,0,0,0,0,0,0,0,0,0,0,0
CP065889,CP065889.1,186218,191528,7.2795,0,0,0,0,0,0,0,0,0,0,0,0,0,0,1,1,1,1,0,0,0,0,0,0,0,0,0,0,0,0,0,0,0,0,0,0,0,0,0,0
CP065889,CP065889.1,4320450,4328255,5.3839,0,0,0,0,0,0,0,0,0,0,0,0,0,0,0,0,0,0,1,1,1,0,0,0,0,0,0,0,0,0,0,0,0,0,0,0,0,0,0,0
CR626927,CR626927.1,5153781,5158888,7.2939,0,0,0,0,0,0,0,0,0,0,0,0,0,0,1,1,1,1,0,0,0,0,0,0,0,0,0,0,0,0,0,0,0,0,0,0,0,0,0,0
EQ973490,EQ973490.1,1466306,1471555,7.2833,0,0,0,0,0,0,0,0,0,0,0,0,0,0,1,1,1,1,0,0,0,0,0,0,0,0,0,0,0,0,0,0,0,0,0,0,0,0,0,0
FP929033,FP929033.1,2525456,2552272,33.6985,1,1,1,1,1,1,1,1,1,1,1,0,1,1,1,1,1,1,0,0,0,0,0,0,0,0,0,0,0,0,0,0,0,0,0,0,0,0,0,0
FQ312004,FQ312004.1,5321891,5326998,7.2936,0,0,0,0,0,0,0,0,0,0,0,0,0,0,1,1,1,1,0,0,0,0,0,0,0,0,0,0,0,0,0,0,0,0,0,0,0,0,0,0
JH724241,JH724241.1,435560,490246,58.5060,1,1,1,1,1,1,1,1,1,1,1,1,1,1,1,1,1,1,1,1,1,1,1,1,1,1,1,0,1,1,1,0,0,0,0,0,0,0,0,0
JH724241,JH724241.1,515050,527797,12.6799,0,0,0,0,0,0,0,0,0,0,0,0,0,0,0,0,0,0,0,0,0,0,0,0,0,0,0,0,0,0,0,0,1,1,1,1,1,1,1,1
LR594814,LR594814.1,1463,5043,5.1812,0,0,0,0,0,0,0,0,0,0,0,0,0,0,1,1,1,0,0,0,0,0,0,0,0,0,0,0,0,0,0,0,0,0,0,0,0,0,0,0
LT622246,LT622246.1,1047253,1115323,74.3902,1,1,1,1,1,1,1,1,1,1,1,0,1,1,1,1,1,1,1,1,1,1,1,1,1,1,1,0,1,1,1,1,1,1,1,1,1,0,1,1
NZ_ABJL02000007,NZ_ABJL02000007.1,68895,74139,7.2826,0,0,0,0,0,0,0,0,0,0,0,0,0,0,1,1,1,1,0,0,0,0,0,0,0,0,0,0,0,0,0,0,0,0,0,0,0,0,0,0
NZ_CP046176,NZ_CP046176.1,28387,33505,7.2729,0,0,0,0,0,0,0,0,0,0,0,0,0,0,1,1,1,1,0,0,0,0,0,0,0,0,0,0,0,0,0,0,0,0,0,0,0,0,0,0
NZ_CP113514,NZ_CP113514.1,5916983,5944348,19.0837,0,0,0,0,0,0,0,0,1,0,0,0,0,0,1,1,1,1,0,0,0,0,0,0,0,0,0,0,0,0,0,0,1,1,1,1,1,0,1,1
NZ_DS995511,NZ_DS995511.1,354007,359351,7.2825,0,0,0,0,0,0,0,0,0,0,0,0,0,0,1,1,1,1,0,0,0,0,0,0,0,0,0,0,0,0,0,0,0,0,0,0,0,0,0,0
NZ_GL882595,NZ_GL882595.1,238042,242067,5.2159,0,0,0,0,0,0,0,0,0,0,0,0,0,0,0,1,1,1,0,0,0,0,0,0,0,0,0,0,0,0,0,0,0,0,0,0,0,0,0,0
NZ_JH815204,NZ_JH815204.1,922700,938680,11.6417,1,1,1,0,1,1,0,0,1,1,0,0,0,0,0,0,0,0,0,0,0,0,0,0,0,0,0,0,0,0,0,0,0,0,0,0,0,0,0,0
NZ_JH992941,NZ_JH992941.1,1368507,1373715,7.2839,0,0,0,0,0,0,0,0,0,0,0,0,0,0,1,1,1,1,0,0,0,0,0,0,0,0,0,0,0,0,0,0,0,0,0,0,0,0,0,0
NZ_JH992941,NZ_JH992941.1,989857,997223,4.3323,0,0,0,0,0,0,0,0,0,0,0,0,0,0,0,0,0,0,0,0,0,0,0,0,0,0,0,0,0,0,0,0,1,0,0,1,1,0,0,0
