Organism,Scaffold,Start,End,Score,LT622246_2673,LT622246_2674,LT622246_2675,LT622246_2676,LT622246_2677,LT622246_2678,LT622246_2679,LT622246_2680,LT622246_2681,LT622246_2682,LT622246_2683,LT622246_2684,LT622246_2685,LT622246_2686,LT622246_2687,LT622246_2688,LT622246_2689,LT622246_2690,LT622246_2691,LT622246_2692,LT622246_2693,LT622246_2694,LT622246_2695,LT622246_2696,LT622246_2697,LT622246_2698,LT622246_2699,LT622246_2700,LT622246_2701,LT622246_2702,LT622246_2703
ABJL02000008,ABJL02000008.1,2105881,2109919,5.2073,0,0,0,0,0,0,0,0,0,0,0,0,0,0,0,1,1,1,0,0,0,0,0,0,0,0,0,0,0,0,0
AE015928,AE015928.1,6084666,6118684,27.6157,0,1,1,1,1,1,1,1,1,1,1,0,0,1,0,1,1,1,0,0,0,1,0,0,0,0,0,0,0,0,0
AE015928,AE015928.1,6126436,6131980,5.2945,0,0,0,0,0,0,0,0,0,0,0,0,0,0,0,0,0,0,0,0,0,0,0,0,0,0,0,1,1,1,0
AP006841,AP006841.1,1473232,1478238,6.2689,0,1,0,0,0,0,0,0,0,0,0,0,0,0,0,1,1,1,0,0,0,0,0,0,0,0,0,0,0,0,0
CP012801,CP012801.1,6019730,6023773,5.2115,0,0,0,0,0,0,0,0,0,0,0,0,0,0,0,1,1,1,0,0,0,0,0,0,0,0,0,0,0,0,0
CP012801,CP012801.1,1982450,1987958,4.2539,0,0,0,1,0,1,1,0,0,0,0,0,0,0,0,0,0,0,0,0,0,0,0,0,0,0,0,0,0,0,0
CP065889,CP065889.1,1629546,1633569,5.2131,0,0,0,0,0,0,0,0,0,0,0,0,0,0,0,1,1,1,0,0,0,0,0,0,0,0,0,0,0,0,0
CR626927,CR626927.1,1449630,1454636,6.2676,0,1,0,0,0,0,0,0,0,0,0,0,0,0,0,1,1,1,0,0,0,0,0,0,0,0,0,0,0,0,0
FP929033,FP929033.1,4689816,4707804,20.0529,0,1,1,1,1,1,1,1,1,1,1,0,0,0,0,0,0,0,0,0,0,0,0,0,0,0,0,0,0,0,0
FP929033,FP929033.1,4713195,4726182,13.7569,0,0,0,0,0,0,0,0,0,0,0,0,0,1,1,1,1,1,0,0,0,1,0,0,0,0,0,0,1,1,0
FQ312004,FQ312004.1,1508927,1513933,6.2689,0,1,0,0,0,0,0,0,0,0,0,0,0,0,0,1,1,1,0,0,0,0,0,0,0,0,0,0,0,0,0
JH724241,JH724241.1,3177690,3201205,25.4574,0,0,0,0,0,0,0,0,0,0,0,0,0,0,0,1,1,1,0,0,1,1,1,1,1,1,1,1,1,1,0
JH724241,JH724241.1,3142691,3160481,20.0714,0,1,1,1,1,1,1,1,1,1,1,0,0,0,0,0,0,0,0,0,0,0,0,0,0,0,0,0,0,0,0
LT622246,LT622246.1,3572663,3629539,61.5477,1,1,1,1,1,1,1,1,1,1,1,1,1,1,0,1,1,1,1,1,1,1,1,1,1,1,1,1,1,1,1
NZ_CP113514,NZ_CP113514.1,1690830,1710760,19.0883,1,1,1,1,1,1,1,1,1,0,1,0,0,0,0,0,0,0,0,0,0,0,0,0,0,0,0,0,0,0,0
NZ_CP113514,NZ_CP113514.1,1716017,1727841,9.6748,0,0,0,0,0,0,0,0,0,0,0,0,0,1,0,1,1,1,0,0,1,1,0,0,0,0,0,0,0,0,0
NZ_CP113514,NZ_CP113514.1,1735585,1743838,4.2935,0,0,0,0,0,0,0,0,0,0,0,0,0,0,0,0,0,0,0,0,0,0,0,0,0,0,1,0,1,1,0
NZ_NFHS01000001,NZ_NFHS01000001.1,733749,737772,5.2131,0,0,0,0,0,0,0,0,0,0,0,0,0,0,0,1,1,1,0,0,0,0,0,0,0,0,0,0,0,0,0
