Organism,Scaffold,Start,End,Score,LT674131_1,LT674131_2,LT674131_3,LT674131_4,LT674131_5,LT674131_6,LT674131_7,LT674131_8,LT674131_9,LT674131_10,LT674131_11,LT674131_12,LT674131_13,LT674131_14,LT674131_15,LT674131_16,LT674131_17,LT674131_18,LT674131_19,LT674131_20,LT674131_21,LT674131_22,LT674131_23,LT674131_24,LT674131_25,LT674131_26,LT674131_27,LT674131_28,LT674131_29,LT674131_30,LT674131_31,LT674131_32,LT674131_33,LT674131_34,LT674131_35,LT674131_36,LT674131_37,LT674131_38,LT674131_39,LT674131_40,LT674131_41,LT674131_42,LT674131_43,LT674131_44,LT674131_45,LT674131_46
AP042441,AP042441.1,506443,516660,4.2289,0,0,0,0,0,0,0,0,0,0,0,1,0,1,0,1,0,1,0,0,0,0,0,0,0,0,0,0,0,0,0,0,0,0,0,0,0,0,0,0,0,0,0,0,0,0
FP929042,FP929042.1,226184,251133,18.7788,0,0,0,0,0,0,0,0,0,0,0,1,1,0,1,1,1,1,1,1,1,0,1,0,0,0,0,0,0,0,0,0,0,0,0,0,0,0,0,1,0,0,0,0,0,1
LT674130,LT674130.1,36,4974,9.2958,0,0,0,0,0,0,0,0,0,0,0,0,0,1,1,1,1,1,0,0,0,0,0,0,0,0,0,0,0,0,0,0,0,0,0,0,0,0,0,0,0,0,0,0,0,0
LT674131,LT674131.1,0,35638,83.9102,1,1,1,1,1,1,1,1,1,1,1,1,1,1,1,1,1,1,1,1,1,1,1,1,2,0,1,1,0,1,1,1,1,2,1,1,1,1,1,1,2,0,1,1,2,1
NC_012781,NC_012781.1,548900,567393,21.7902,0,0,0,0,0,0,0,0,0,0,0,1,1,1,1,1,1,1,1,1,0,1,1,0,0,0,0,0,0,0,0,0,0,0,0,1,0,0,0,0,0,0,0,0,0,0
NC_012781,NC_012781.1,530545,538398,5.0632,0,0,0,0,0,0,0,0,0,0,0,0,0,0,0,0,0,0,0,0,1,1,0,0,0,0,0,0,0,0,0,0,0,0,0,0,0,0,0,1,0,0,0,0,0,1
NZ_BTHI01000008,NZ_BTHI01000008.1,57326,60495,5.1524,0,0,1,1,1,0,0,0,0,0,0,0,0,0,0,0,0,0,0,0,0,0,0,0,0,0,0,0,0,0,0,0,0,0,0,0,0,0,0,0,0,0,0,0,0,0
NZ_CP022413,NZ_CP022413.2,515672,523928,9.2960,0,1,1,1,1,1,0,0,0,0,0,0,0,0,0,0,0,0,0,0,0,0,0,0,0,0,0,0,0,0,0,0,0,0,0,0,0,0,0,0,0,0,0,0,0,0
NZ_CP084061,NZ_CP084061.1,2704757,2712112,9.2943,0,1,1,1,1,1,0,0,0,0,0,0,0,0,0,0,0,0,0,0,0,0,0,0,0,0,0,0,0,0,0,0,0,0,0,0,0,0,0,0,0,0,0,0,0,0
NZ_GG657685,NZ_GG657685.1,176154,182859,7.2268,0,1,1,1,1,0,0,0,0,0,0,0,0,0,0,0,0,0,0,0,0,0,0,0,0,0,0,0,0,0,0,0,0,0,0,0,0,0,0,0,0,0,0,0,0,0
