Organism,Scaffold,Start,End,Score,LR594814_7,LR594814_8,LR594814_9,LR594814_10,LR594814_11,LR594814_12,LR594814_13,LR594814_14,LR594814_15,LR594814_16,LR594814_17,LR594814_18,LR594814_19,LR594814_20,LR594814_21,LR594814_22,LR594814_23,LR594814_24,LR594814_25,LR594814_26,LR594814_27,LR594814_28,LR594814_29
AE015928,AE015928.1,4162077,4173703,12.4479,0,1,1,1,1,1,1,0,1,0,0,0,0,0,0,0,0,0,0,0,0,0,0
AP006841,AP006841.1,101024,112078,9.4239,0,1,0,1,1,1,1,0,1,0,0,0,0,0,0,0,0,0,0,0,0,0,0
AP006841,AP006841.1,5270960,5275301,4.2348,0,0,0,0,0,0,0,0,0,0,0,0,0,0,0,0,1,0,0,1,1,0,0
CP000139,CP000139.1,1620651,1638769,22.6958,1,1,1,1,1,1,1,1,1,0,1,1,1,0,0,0,0,0,0,0,0,0,0
CP000139,CP000139.1,1543663,1548843,4.2624,0,0,0,0,0,0,0,0,0,0,0,0,0,0,0,0,1,0,0,1,1,0,0
CP012801,CP012801.1,3327015,3342364,15.5485,0,1,1,1,1,1,1,0,1,0,1,1,0,0,0,0,0,0,0,0,0,0,0
CP129143,CP129143.1,1350007,1364927,13.4974,0,1,1,1,1,1,1,0,1,0,1,0,0,0,0,0,0,0,0,0,0,0,0
CR626927,CR626927.1,108673,125040,11.4482,1,1,0,1,1,1,1,0,1,0,0,0,0,0,0,0,0,0,0,0,0,0,0
CR626927,CR626927.1,5198826,5203167,4.2347,0,0,0,0,0,0,0,0,0,0,0,0,0,0,0,0,1,0,0,1,1,0,0
EQ973490,EQ973490.1,878849,894201,15.5479,0,1,1,1,1,1,1,0,1,0,1,1,0,0,0,0,0,0,0,0,0,0,0
FP929033,FP929033.1,2932427,2943766,9.4191,0,1,0,1,1,1,1,0,1,0,0,0,0,0,0,0,0,0,0,0,0,0,0
FQ312004,FQ312004.1,96639,113006,11.4482,1,1,0,1,1,1,1,0,1,0,0,0,0,0,0,0,0,0,0,0,0,0,0
FQ312004,FQ312004.1,5366807,5371148,4.2347,0,0,0,0,0,0,0,0,0,0,0,0,0,0,0,0,1,0,0,1,1,0,0
GL945092,GL945092.1,343612,354957,9.4221,0,1,0,1,1,1,1,0,1,0,0,0,0,0,0,0,0,0,0,0,0,0,0
JH724241,JH724241.1,991765,1003064,9.4243,0,1,0,1,1,1,1,0,1,0,0,0,0,0,0,0,0,0,0,0,0,0,0
LR594814,LR594814.1,7748,42547,47.1810,1,1,1,1,1,1,1,1,1,1,1,1,1,1,1,1,1,1,1,1,1,1,1
LT622246,LT622246.1,1520640,1531939,9.4243,0,1,0,1,1,1,1,0,1,0,0,0,0,0,0,0,0,0,0,0,0,0,0
NC_003228,NC_003228.3,108673,125040,11.4482,1,1,0,1,1,1,1,0,1,0,0,0,0,0,0,0,0,0,0,0,0,0,0
NC_003228,NC_003228.3,5198826,5203167,4.2347,0,0,0,0,0,0,0,0,0,0,0,0,0,0,0,0,1,0,0,1,1,0,0
NC_004663,NC_004663.1,4162077,4173703,12.4479,0,1,1,1,1,1,1,0,1,0,0,0,0,0,0,0,0,0,0,0,0,0,0
NC_006347,NC_006347.1,101024,112078,9.4239,0,1,0,1,1,1,1,0,1,0,0,0,0,0,0,0,0,0,0,0,0,0,0
NC_006347,NC_006347.1,5270960,5275301,4.2349,0,0,0,0,0,0,0,0,0,0,0,0,0,0,0,0,1,0,0,1,1,0,0
NC_009614,NC_009614.1,1620651,1638769,22.6958,1,1,1,1,1,1,1,1,1,0,1,1,1,0,0,0,0,0,0,0,0,0,0
NC_009614,NC_009614.1,1543663,1548843,4.2624,0,0,0,0,0,0,0,0,0,0,0,0,0,0,0,0,1,0,0,1,1,0,0
NC_016776,NC_016776.1,96639,113006,11.4482,1,1,0,1,1,1,1,0,1,0,0,0,0,0,0,0,0,0,0,0,0,0,0
NC_016776,NC_016776.1,5366807,5371148,4.2347,0,0,0,0,0,0,0,0,0,0,0,0,0,0,0,0,1,0,0,1,1,0,0
NZ_ABJL02000007,NZ_ABJL02000007.1,431498,441771,9.4174,0,1,0,1,1,1,1,0,1,0,0,0,0,0,0,0,0,0,0,0,0,0,0
NZ_CP012938,NZ_CP012938.1,4226578,4237877,9.4243,0,1,0,1,1,1,1,0,1,0,0,0,0,0,0,0,0,0,0,0,0,0,0
NZ_CP046176,NZ_CP046176.1,5612228,5625488,18.5582,0,0,1,1,1,1,1,1,1,0,1,1,1,0,0,0,0,0,0,0,0,0,0
NZ_CP046176,NZ_CP046176.1,5522576,5527763,4.2631,0,0,0,0,0,0,0,0,0,0,0,0,0,0,0,0,1,0,0,1,1,0,0
NZ_CP102288,NZ_CP102288.1,2827155,2832770,4.1339,0,1,0,0,1,1,0,0,0,0,0,0,0,0,0,0,0,0,0,0,0,0,0
NZ_CP113514,NZ_CP113514.1,6319847,6331080,9.4237,0,1,0,1,1,1,1,0,1,0,0,0,0,0,0,0,0,0,0,0,0,0,0
NZ_DS995511,NZ_DS995511.1,517226,530916,15.5233,1,1,1,1,1,1,1,0,1,0,1,0,0,0,0,0,0,0,0,0,0,0,0
NZ_EQ973490,NZ_EQ973490.1,878849,894201,15.5479,0,1,1,1,1,1,1,0,1,0,1,1,0,0,0,0,0,0,0,0,0,0,0
NZ_GL882595,NZ_GL882595.1,23952,38951,15.5231,1,1,1,1,1,1,1,0,1,0,1,0,0,0,0,0,0,0,0,0,0,0,0
NZ_GL882595,NZ_GL882595.1,67147,71513,4.2339,0,0,0,0,0,0,0,0,0,0,0,0,0,0,0,0,1,0,0,1,1,0,0
NZ_JH992941,NZ_JH992941.1,928851,946224,12.5252,0,1,0,1,1,1,1,0,1,0,1,1,0,0,0,0,0,0,0,0,0,0,0
NZ_JH992941,NZ_JH992941.1,1103755,1108097,4.2352,0,0,0,0,0,0,0,0,0,0,0,0,0,0,0,0,1,0,0,1,1,0,0
