sequence_id	cluster_id	start	end
AAXF02000045	cblaster_3069_PUL0190	75191	89437
AAXF02000045	cblaster_266_267_PUL0416_PUL0417	159077	201731
AAXF02000045	cblaster_PUL0532	75191	89437
AAXF02000045	cblaster_265	42091	57096
AAXF02000045	cblaster_PUL0770	73039	83361
AAXF02000045	cblaster_264	14868	40019
AAXF02000047	cblaster_277	186083	237494
AAXF02000047	cblaster_PUL0178_PUL0167_275_276_PUL0565	106584	157278
AAXF02000047	cblaster_272_273_274_PUL0418	30635	79587
AAXF02000049	cblaster_288	285346	293512
AAXF02000049	cblaster_289_290	323926	359918
AAXF02000049	cblaster_286	229828	243564
AAXF02000049	cblaster_291	373146	388716
AAXF02000049	cblaster_279_280_346_281_PUL0419_PUL0527_PUL0063	5636	74784
AAXF02000049	cblaster_284_285_PUL0528_PUL0674	170695	208677
AAXF02000049	cblaster_287	247600	279597
AAXF02000049	cblaster_283	154427	168237
AAXF02000049	cblaster_PUL0554	231312	241709
AAXF02000049	cblaster_282	97366	148949
AAXF02000051	cblaster_308_309_PUL0421_PUL0714	262135	298810
AAXF02000051	cblaster_312	360701	377891
AAXF02000051	cblaster_314	403918	426414
AAXF02000051	cblaster_303	25895	46197
AAXF02000051	cblaster_313	386676	397569
AAXF02000051	cblaster_302	107	8342
AAXF02000051	cblaster_315_316	428347	473031
AAXF02000051	cblaster_PUL0666	230200	236346
AAXF02000051	cblaster_311	339277	354498
AAXF02000051	cblaster_310_PUL0422	327225	336294
AAXF02000051	cblaster_27872	208753	216783
AAXF02000051	cblaster_PUL0667	397840	402529
AAXF02000051	cblaster_304_305_PUL0420	82281	120243
AAXF02000051	cblaster_306_347_PUL0044	128612	194006
AAXF02000051	cblaster_27869	26990	47471
AAXF02000051	cblaster_307	208753	216783
AAXF02000052	cblaster_317	205940	216508
AAXF02000052	cblaster_PUL0552	463644	473662
AAXF02000052	cblaster_PUL0786_319	438288	490550
AAXF02000052	cblaster_3068_PUL0189	449803	488412
AAXF02000053	cblaster_326_PUL0045	286500	307432
AAXF02000053	cblaster_324_PUL0747	243573	264476
AAXF02000053	cblaster_325	272310	282945
AAXF02000053	cblaster_323	180744	188104
AAXF02000053	cblaster_327	310133	323933
AAXF02000053	cblaster_330_PUL0425	427486	446578
AAXF02000053	cblaster_321	52473	69791
AAXF02000053	cblaster_PUL0392	273364	294186
AAXF02000053	cblaster_322	125790	137477
AAXF02000053	cblaster_3073	129317	137477
AAXF02000053	cblaster_328	340062	346313
AAXF02000053	cblaster_320	11741	22138
AAXF02000053	cblaster_329	394946	413986
AAXF02000054	cblaster_PUL0326	83267	94904
AAXF02000054	cblaster_332	239924	278046
AAXF02000054	cblaster_27892	767882	775476
AAXF02000054	cblaster_340_341_348_PUL0306_PUL0566_PUL0427	953449	1010325
AAXF02000054	cblaster_335_PUL0788	435358	485745
AAXF02000054	cblaster_336	615724	633598
AAXF02000054	cblaster_342	1051873	1057309
AAXF02000054	cblaster_345_PUL0789	1129490	1147108
AAXF02000054	cblaster_343	1069124	1085869
AAXF02000054	cblaster_334_PUL0787	370559	430302
AAXF02000054	cblaster_337_338	662127	687374
AAXF02000054	cblaster_344	1090860	1105451
AAXF02000054	cblaster_333_PUL0529	299030	354932
AAXF02000054	cblaster_339	767882	774089
AAZZ01000003	cblaster_PUL0194	74398	85218
AAZZ01000003	cblaster_PUL0519	44204	54131
ABJL02000008	cblaster_3069_PUL0190	858933	872593
ABJL02000008	cblaster_242_PUL0415	662317	673508
ABJL02000008	cblaster_PUL0532	858933	872593
ABJL02000008	cblaster_27819	57189	61571
ABJL02000008	cblaster_PUL0770	862562	874778
ABJL02000008	cblaster_PUL0262	2495779	2523522
ABJL02000008	cblaster_PUL0533	888953	910988
ABJL02000008	cblaster_245	3442803	3448258
ABJL02000008	cblaster_PUL0218	838011	864797
ACXX02000001	cblaster_PUL0089	231004	233522
ACXX02000002	cblaster_PUL0224_PUL0114	32332	61034
ACXX02000002	cblaster_PUL0743	76172	93373
ACXX02000002	cblaster_PUL0086	63553	69417
ACXX02000002	cblaster_PUL0084	36151	61034
ACXX02000007	cblaster_PUL0087	23244	29169
AE005176	cblaster_PUL0016	418875	423592
AE005176	cblaster_PUL0582	176337	181104
AE005176	cblaster_PUL0402	1543237	1551460
AE005176	cblaster_PUL0520	1543237	1546414
AE005672	cblaster_PUL0486	1798265	1808537
AE005672	cblaster_PUL0207	294161	298985
AE005672	cblaster_PUL0018	287482	300940
AE005672	cblaster_PUL0519	2016398	2026317
AE005672	cblaster_PUL0585_PUL0186	276837	283393
AE006468	cblaster_PUL0410	3500614	3509945
AE007317	cblaster_PUL0486	1679659	1689931
AE007317	cblaster_PUL0194	1929899	1940789
AE007317	cblaster_PUL0207	291813	296637
AE007317	cblaster_PUL0277	1545467	1551164
AE007317	cblaster_PUL0018	285102	298853
AE007317	cblaster_PUL0519	1895735	1905654
AE007317	cblaster_PUL0279	1590820	1598327
AE007317	cblaster_PUL0585_PUL0186	274498	281042
AE007317	cblaster_PUL0037	1679659	1689931
AE007317	cblaster_PUL0245	1951629	1964969
AE008922	cblaster_PUL0701	4872853	4909294
AE008922	cblaster_PUL0702	2024640	2042368
AE008922	cblaster_PUL0169	2832163	2854388
AE008922	cblaster_PUL0719	2926203	2941997
AE014295	cblaster_PUL0576	2047897	2057593
AE014295	cblaster_PUL0297	1165270	1177370
AE014295	cblaster_PUL0300	1787637	1806222
AE014295	cblaster_PUL0232	1692080	1699655
AE014295	cblaster_PUL0298	1165270	1177370
AE014295	cblaster_PUL0720	1354873	1372084
AE014295	cblaster_PUL0296	1733290	1744564
AE014295	cblaster_PUL0283	1167522	1177370
AE014295	cblaster_PUL0285	1015666	1027327
AE014295	cblaster_PUL0142	1728550	1733232
AE015928	cblaster_3069_PUL0190	417721	433937
AE015928	cblaster_242_PUL0415	1516363	1528605
AE015928	cblaster_PUL0532	417721	429890
AE015928	cblaster_PUL0552	1273456	1283386
AE015928	cblaster_257	197340	209842
AE015928	cblaster_286	3913434	3925662
AE015928	cblaster_278	934483	945092
AE015928	cblaster_247	1769413	1774037
AE015928	cblaster_303	4539776	4563342
AE015928	cblaster_PUL0746	557454	570298
AE015928	cblaster_PUL0770	415535	426326
AE015928	cblaster_3068_PUL0189	1257061	1283386
AE015928	cblaster_PUL0791	1199000	1215755
AE015928	cblaster_PUL0554	3913434	3923822
AE015928	cblaster_299	2729183	2736389
AE015928	cblaster_245	2553743	2558660
AE015928	cblaster_339	5878344	5884554
AE015928	cblaster_307	4701146	4709028
AE016795	cblaster_PUL0577	1636234	1648866
AE016795	cblaster_PUL0012	1636234	1655038
AE016795	cblaster_PUL0381	1469145	1474895
AE016795	cblaster_PUL0579	166308	170725
AL645882	cblaster_PUL0475	3049836	3057653
AM039952	cblaster_PUL0701	4977435	5022264
AM039952	cblaster_PUL0365	3176806	3191052
AM039952	cblaster_PUL0702	2022598	2036914
AM039952	cblaster_PUL0387	873871	882733
AM039952	cblaster_PUL0364	5006881	5022264
AM039952	cblaster_PUL0211	3643434	3663895
AM039952	cblaster_PUL0362	4157038	4164273
AM039952	cblaster_PUL0719	3176806	3191052
AM406671	cblaster_PUL0168	2194373	2202023
AM743169	cblaster_PUL0365	1216834	1227585
AM743169	cblaster_PUL0387	4123181	4127762
AM743169	cblaster_PUL0719	1216834	1227585
AOMX01000002	cblaster_PUL0351	34559	39445
AP006841	cblaster_PUL0326	3295328	3305541
AP006841	cblaster_27892	4092111	4094848
AP006841	cblaster_PUL0166	3755846	3766411
AP006841	cblaster_PUL0721	2022214	2041771
AP006841	cblaster_PUL0091_PUL0092	2022214	2041771
AP006841	cblaster_PUL0180	1033852	1068361
AP006841	cblaster_3775_PUL0171	4117850	4128335
AP006841	cblaster_3773	511730	522755
AP006841	cblaster_27819	2041867	2046258
AP006841	cblaster_PUL0746	2022214	2046258
AP006841	cblaster_3713	4312980	4321703
AP006841	cblaster_PUL0408	1004858	1009788
AP006841	cblaster_27826	1867996	1872825
AP006841	cblaster_3774_PUL0556	1564047	1574265
AP006841	cblaster_3772_PUL0555	440014	456583
AP006841	cblaster_245	4226583	4231149
AP012281	cblaster_PUL0016	403952	408683
AP012281	cblaster_PUL0582	149858	154624
AP012281	cblaster_PUL0168	2130199	2138866
AP012281	cblaster_PUL0520	1563592	1566781
AP012281	cblaster_PUL0015	761772	769601
AP031375	cblaster_PUL0410	497796	504450
AP031375	cblaster_PUL0571	2291124	2298024
AP031375	cblaster_PUL0751	3767115	3773386
BA000043	cblaster_PUL0006	3237448	3251094
CABDWQ010000001	cblaster_PUL0054	1087731	1101129
CP000139	cblaster_PUL0721	5083182	5108915
CP000139	cblaster_PUL0097_PUL0096	5078306	5103985
CP000139	cblaster_PUL0094	5092672	5120112
CP000139	cblaster_PUL0112_PUL0106	1620651	1638769
CP000139	cblaster_PUL0770	2991118	2999788
CP000139	cblaster_27824	4345200	4350138
CP000139	cblaster_PUL0723	268329	296905
CP000139	cblaster_PUL0667	850618	853879
CP000303	cblaster_PUL0576	1970704	1979207
CP000303	cblaster_PUL0297	555378	567551
CP000303	cblaster_PUL0298	555378	567551
CP000303	cblaster_PUL0367	556948	561262
CP000303	cblaster_PUL0032	144520	149008
CP000303	cblaster_PUL0673	1603797	1608689
CP000303	cblaster_PUL0741	2155635	2161312
CP000303	cblaster_PUL0142	2302257	2306877
CP000410	cblaster_PUL0194	1937402	1948220
CP000410	cblaster_PUL0207	291863	296687
CP000410	cblaster_PUL0277	1552999	1558696
CP000410	cblaster_PUL0037	1687191	1697463
CP000410	cblaster_PUL0245	1959132	1972472
CP000916	cblaster_PUL0122	1345965	1355831
CP000916	cblaster_PUL0361	752861	763274
CP000916	cblaster_PUL0390	614140	645711
CP001095	cblaster_PUL0576	2404196	2413894
CP001095	cblaster_PUL0212	46991	52818
CP001095	cblaster_PUL0606	314771	319392
CP001095	cblaster_PUL0232	2773011	2780440
CP001095	cblaster_PUL0031	912482	916783
CP001095	cblaster_PUL0673	2602105	2609546
CP001095	cblaster_PUL0142	2741997	2746694
CP001348	cblaster_PUL0083	843031	864108
CP001348	cblaster_PUL0085	878564	886518
CP001348	cblaster_PUL0084	1507374	1537237
CP001393	cblaster_PUL0322	1929396	1982736
CP001393	cblaster_PUL0078	698651	701699
CP001515	cblaster_PUL0138	1886919	1897997
CP001515	cblaster_PUL0137	565132	571261
CP001515	cblaster_PUL0232	1891161	1898622
CP001515	cblaster_PUL0140	604573	621001
CP001515	cblaster_PUL0141	153153	157679
CP001515	cblaster_PUL0139	64618	73020
CP001515	cblaster_PUL0285	574339	580026
CP001515	cblaster_PUL0142	1851423	1858407
CP001655	cblaster_PUL0373	4246303	4252959
CP001655	cblaster_PUL0374	3013522	3018146
CP001655	cblaster_PUL0209	1444799	1456412
CP001834	cblaster_PUL0016	463185	467916
CP001834	cblaster_PUL0582	168627	173394
CP001834	cblaster_PUL0402	1685851	1694057
CP001834	cblaster_PUL0168	2227805	2241135
CP001834	cblaster_PUL0520	1685851	1689040
CP001840	cblaster_PUL0284	1720473	1726987
CP002038	cblaster_PUL0034	2581700	2583651
CP002038	cblaster_PUL0035	2575541	2581451
CP002534	cblaster_21161	1432969	1446936
CP002835	cblaster_PUL0010	2164286	2196700
CP002835	cblaster_PUL0006	241626	251376
CP002835	cblaster_PUL0542	2158670	2196700
CP003873	cblaster_PUL0401	4339574	4357158
CP003873	cblaster_PUL0404	2770752	2792610
CP003873	cblaster_PUL0400	1020433	1042766
CP004047	cblaster_PUL0372	2899148	2903570
CP004047	cblaster_PUL0370	3043777	3048013
CP006712	cblaster_PUL0576	1850776	1859279
CP006712	cblaster_PUL0297	461636	473770
CP006712	cblaster_PUL0578	156542	162697
CP006712	cblaster_PUL0232	2203645	2211167
CP006712	cblaster_PUL0031	1543883	1548175
CP006712	cblaster_PUL0298	461636	473770
CP006712	cblaster_PUL0367	463206	467520
CP006712	cblaster_PUL0284	1808387	1814582
CP006712	cblaster_PUL0032	147936	152424
CP006712	cblaster_PUL0283	461636	471507
CP006712	cblaster_PUL0673	1498873	1503765
CP006712	cblaster_PUL0741	2027394	2033071
CP006712	cblaster_PUL0285	612503	619564
CP006712	cblaster_PUL0142	2179866	2184486
CP012801	cblaster_3069_PUL0190	925331	954278
CP012801	cblaster_242_PUL0415	677181	685658
CP012801	cblaster_PUL0339	5652594	5682940
CP012801	cblaster_PUL0644	3674189	3695070
CP012801	cblaster_3773	2662652	2668429
CP012801	cblaster_27819	6952971	6957353
CP012801	cblaster_PUL0770	946262	956463
CP012801	cblaster_27846_PUL0026	3346058	3356931
CP012801	cblaster_PUL0667	2480153	2484973
CP012801	cblaster_PUL0791	6286693	6303229
CP012801	cblaster_245	1677851	1683302
CP014225	cblaster_PUL0410	1565026	1571689
CP014225	cblaster_PUL0571	12807	19707
CP014225	cblaster_PUL0751	3199989	3206128
CP016359	cblaster_31419_PUL0236	228552	248102
CP017063	cblaster_PUL0021	2722907	2732601
CP017063	cblaster_PUL0407	590958	595824
CP017063	cblaster_PUL0196	301228	310595
CP017063	cblaster_PUL0153	590958	595824
CP025268	cblaster_PUL0410	3368511	3375174
CP025268	cblaster_PUL0571	1821202	1828101
CP025268	cblaster_PUL0751	360299	366561
CP028460	cblaster_PUL0232	1883219	1886419
CP044228	cblaster_PUL0407	814632	820568
CP044228	cblaster_PUL0196	1123338	1133566
CP044228	cblaster_PUL0153	814632	820568
CP044228	cblaster_PUL0159	415060	417884
CP045181	cblaster_PUL0684	848239	852083
CP090790	cblaster_PUL0576	1642847	1652540
CP090790	cblaster_PUL0297	708429	716802
CP090790	cblaster_PUL0300	1358254	1376839
CP090790	cblaster_PUL0232	1274116	1281664
CP090790	cblaster_PUL0029	1307988	1337684
CP090790	cblaster_PUL0296	1312743	1317279
CP090790	cblaster_PUL0283	710681	716802
CP090790	cblaster_PUL0285	574269	581337
CP090790	cblaster_PUL0142	1307988	1312685
CP091797	cblaster_PUL0456_1	486335	488751
CP091797	cblaster_PUL0456_2	103330	120866
CP091800	cblaster_PUL0411	60467	62619
CP091800	cblaster_PUL0554	402519	412566
CP098927	cblaster_PUL0321	2474375	2480553
CP098927	cblaster_PUL0410	4483198	4489861
CP098927	cblaster_PUL0571	2655980	2662889
CP098927	cblaster_PUL0751	1080870	1087132
CP107221	cblaster_PUL0679	585721	592902
CP107221	cblaster_PUL0196	2273140	2281693
CP109280	cblaster_PUL0573	3956311	3963118
CP119677	cblaster_PUL0224_PUL0114	1149419	1178123
CP119677	cblaster_PUL0743	1193260	1210461
CP119677	cblaster_PUL0385_PUL0040	2236580	2256831
CP119677	cblaster_PUL0017	3144099	3158092
CP129143	cblaster_PUL0166	2623993	2634248
CP129143	cblaster_PUL0334	1119463	1158217
CP129143	cblaster_PUL0108_PUL0109_PUL0110	4322906	4344119
CP129143	cblaster_PUL0551	2786411	2797761
CP129143	cblaster_3773	650229	656135
CP129143	cblaster_PUL0066	1624123	1642632
CP129143	cblaster_27846_PUL0026	1397413	1402098
CP129143	cblaster_PUL0332	525671	540478
CP129143	cblaster_27870_PUL0713	744358	756358
CP129143	cblaster_PUL0667	563121	567779
CP129143	cblaster_PUL0554	3855867	3868418
CP157216	cblaster_PUL0082	3099899	3106414
CP157216	cblaster_PUL0282	3507254	3513886
CP173697	cblaster_PUL0634	2448882	2455157
CP173697	cblaster_PUL0001	3063195	3074547
CP173697	cblaster_PUL0596	1929233	1932911
CP173697	cblaster_PUL0394_PUL0632	2448882	2456124
CP193986	cblaster_PUL0531	3852410	3857305
CP193986	cblaster_PUL0307	1043896	1048431
CP195112	cblaster_PUL0082	3143085	3149600
CP195112	cblaster_PUL0282	3550439	3557071
CR626927	cblaster_27892	3996611	3999348
CR626927	cblaster_3651_PUL0348	2100109	2124156
CR626927	cblaster_PUL0166	3664550	3675115
CR626927	cblaster_PUL0721	2100109	2119669
CR626927	cblaster_PUL0091_PUL0092	2100109	2119669
CR626927	cblaster_3775_PUL0171	4022353	4035710
CR626927	cblaster_3773	458302	469327
CR626927	cblaster_27819	2119765	2124156
CR626927	cblaster_PUL0746	2100109	2124156
CR626927	cblaster_27826	1886173	1891002
CR626927	cblaster_3774_PUL0556	1568050	1578269
CR626927	cblaster_3772_PUL0555	386593	403162
CR626927	cblaster_245	4132775	4137370
CU207366	cblaster_24469	2258232	2278112
CU207366	cblaster_24478	769497	780420
DQ868502	cblaster_PUL0010	30396	71889
DQ868502	cblaster_PUL0602	32982	76503
DS264579	cblaster_288	285346	293512
DS264579	cblaster_289_290	323926	359918
DS264579	cblaster_286	229828	243564
DS264579	cblaster_291	373146	388716
DS264579	cblaster_279_280_346_281_PUL0419_PUL0527_PUL0063	5636	74784
DS264579	cblaster_284_285_PUL0528_PUL0674	170695	208677
DS264579	cblaster_287	247600	279597
DS264579	cblaster_283	154427	168237
DS264579	cblaster_PUL0554	231312	241709
DS264579	cblaster_282	97366	148949
DS264583	cblaster_326_PUL0045	286500	307432
DS264583	cblaster_324_PUL0747	243573	264476
DS264583	cblaster_325	272310	282945
DS264583	cblaster_323	180744	188104
DS264583	cblaster_327	310133	323933
DS264583	cblaster_330_PUL0425	427486	446578
DS264583	cblaster_321	52473	69791
DS264583	cblaster_PUL0392	273364	294186
DS264583	cblaster_322	125790	137477
DS264583	cblaster_3073	129317	137477
DS264583	cblaster_328	340062	346313
DS264583	cblaster_320	11741	22138
DS264583	cblaster_329	394946	413986
DS264584	cblaster_PUL0326	83267	94904
DS264584	cblaster_332	239924	278046
DS264584	cblaster_27892	767882	775476
DS264584	cblaster_340_341_348_PUL0306_PUL0566_PUL0427	953449	1010325
DS264584	cblaster_335_PUL0788	435358	485745
DS264584	cblaster_336	615724	633598
DS264584	cblaster_342	1051873	1057309
DS264584	cblaster_345_PUL0789	1129490	1147108
DS264584	cblaster_343	1069124	1085869
DS264584	cblaster_334_PUL0787	370559	430302
DS264584	cblaster_337_338	662127	687374
DS264584	cblaster_344	1090860	1105451
DS264584	cblaster_333_PUL0529	299030	354932
DS264584	cblaster_339	767882	774089
EQ973490	cblaster_PUL0546	1405947	1423928
EQ973490	cblaster_PUL0545	1329074	1352423
EQ973490	cblaster_PUL0543	682230	695770
EQ973490	cblaster_PUL0539	24201	50780
EQ973490	cblaster_3773	234729	240638
EQ973490	cblaster_PUL0538	1623755	1642855
EQ973490	cblaster_PUL0540	560159	571822
EQ973490	cblaster_PUL0548	1532563	1545070
EQ973490	cblaster_PUL0541	653101	666260
EQ973490	cblaster_PUL0547	1499819	1518897
EQ973490	cblaster_PUL0667	36760	41580
EU670680	cblaster_PUL0407	424	5007
EU670680	cblaster_PUL0153	424	5007
FM179324	cblaster_PUL0407	50298	54866
FM179324	cblaster_PUL0153	50298	54866
FP929033	cblaster_27836	1282045	1286735
FP929033	cblaster_242_PUL0415	1008420	1021889
FP929033	cblaster_27812	5143605	5157429
FP929033	cblaster_PUL0532	1841729	1871055
FP929033	cblaster_27881_PUL0380	3853114	3873417
FP929033	cblaster_27892	4497151	4505127
FP929033	cblaster_325	5670190	5681869
FP929033	cblaster_289_290	2796355	2816004
FP929033	cblaster_PUL0552	751445	761605
FP929033	cblaster_257	5143605	5155211
FP929033	cblaster_240_PUL0790	411816	434725
FP929033	cblaster_300	1359912	1376912
FP929033	cblaster_292_293	2096056	2109746
FP929033	cblaster_244	1500641	1512336
FP929033	cblaster_286	2660217	2672470
FP929033	cblaster_296	1222558	1240042
FP929033	cblaster_262	1555151	1560765
FP929033	cblaster_247	5418335	5422960
FP929033	cblaster_27810	4826978	4832438
FP929033	cblaster_291	2850366	2864297
FP929033	cblaster_336	4335208	4352916
FP929033	cblaster_314	5881655	5904604
FP929033	cblaster_323	5575348	5582702
FP929033	cblaster_330_PUL0425	1679635	1699967
FP929033	cblaster_27819	1054312	1058874
FP929033	cblaster_PUL0746	1054312	1068020
FP929033	cblaster_315_316	5906537	5933932
FP929033	cblaster_27826	5418335	5422960
FP929033	cblaster_256	5168135	5177744
FP929033	cblaster_PUL0666	3667516	3673697
FP929033	cblaster_PUL0178_PUL0167_275_276_PUL0565	2388014	2418826
FP929033	cblaster_272_273_274_PUL0418	2288887	2325106
FP929033	cblaster_321	5452206	5468375
FP929033	cblaster_27897	4962372	4974087
FP929033	cblaster_334_PUL0787	4024207	4085400
FP929033	cblaster_310_PUL0422	5851776	5860847
FP929033	cblaster_298	1264086	1269325
FP929033	cblaster_27872	3645720	3653683
FP929033	cblaster_PUL0667	5875539	5880229
FP929033	cblaster_287	2693288	2710787
FP929033	cblaster_283	2592590	2605239
FP929033	cblaster_PUL0791	483126	499751
FP929033	cblaster_PUL0554	2660217	2670698
FP929033	cblaster_27865_PUL0325	3110878	3123254
FP929033	cblaster_304_305_PUL0420	3556095	3578476
FP929033	cblaster_322	5521505	5534428
FP929033	cblaster_253	3738210	3753930
FP929033	cblaster_299	1280569	1286735
FP929033	cblaster_239	390803	404288
FP929033	cblaster_245	1480470	1485233
FP929033	cblaster_27869	3458822	3469855
FP929033	cblaster_339	4497151	4502581
FP929033	cblaster_307	3645720	3653683
FP929042	cblaster_PUL0634	3230561	3237950
FP929042	cblaster_PUL0394_PUL0632	3230561	3236880
FQ312004	cblaster_27892	4034532	4037269
FQ312004	cblaster_3651_PUL0348	2027222	2051267
FQ312004	cblaster_PUL0721	2027222	2046779
FQ312004	cblaster_PUL0091_PUL0092	2027222	2046779
FQ312004	cblaster_PUL0180	1026492	1061001
FQ312004	cblaster_27819	2046875	2051267
FQ312004	cblaster_PUL0746	2027222	2051267
FQ312004	cblaster_3713	4253817	4261189
FQ312004	cblaster_PUL0408	997495	1002425
FQ312004	cblaster_27826	1890596	1895425
FQ312004	cblaster_245	4166472	4171045
GL945092	cblaster_288	85965	94134
GL945092	cblaster_289_290	199613	228000
GL945092	cblaster_269_270_271	521291	559089
GL945092	cblaster_286	33840	46093
GL945092	cblaster_291	262359	276293
GL945092	cblaster_PUL0718	14952	32944
GL945092	cblaster_287	48606	80915
GL945092	cblaster_PUL0554	33840	44321
GL945092	cblaster_27865_PUL0325	430241	442615
GU591787	cblaster_PUL0634	20	6374
GU591787	cblaster_PUL0394_PUL0632	20	7392
HE717017	cblaster_PUL0687	8464	20560
HF548278	cblaster_PUL0794	491	36985
HG738867	cblaster_PUL0410	3408130	3414793
HG738867	cblaster_PUL0571	1704914	1711814
JAHNZS010000006	cblaster_PUL0604	73640	83140
JH724241	cblaster_235	944821	951911
JH724241	cblaster_308_309_PUL0421_PUL0714	1671578	1708253
JH724241	cblaster_PUL0326	2971722	2980704
JH724241	cblaster_27812	3461384	3477788
JH724241	cblaster_332	2280525	2317968
JH724241	cblaster_PUL0055	663266	675144
JH724241	cblaster_288	756819	764985
JH724241	cblaster_27892	2846261	2853899
JH724241	cblaster_289_290	841236	874473
JH724241	cblaster_27866_27867_PUL0377	1123323	1158530
JH724241	cblaster_335_PUL0788	2486774	2538507
JH724241	cblaster_269_270_271	1126812	1171834
JH724241	cblaster_257	3461384	3473890
JH724241	cblaster_248	1006432	1027130
JH724241	cblaster_286	704949	718685
JH724241	cblaster_291	885150	899687
JH724241	cblaster_312	1775827	1792842
JH724241	cblaster_336	2655276	2673135
JH724241	cblaster_314	1818974	1841926
JH724241	cblaster_303	1405520	1428000
JH724241	cblaster_277	312150	363558
JH724241	cblaster_313	1801802	1812695
JH724241	cblaster_342	3232789	3238225
JH724241	cblaster_279_280_346_281_PUL0419_PUL0527_PUL0063	435560	490246
JH724241	cblaster_302	1366117	1384192
JH724241	cblaster_345_PUL0789	3348451	3366065
JH724241	cblaster_PUL0718	657303	675144
JH724241	cblaster_236	963675	973627
JH724241	cblaster_315_316	1843859	1873115
JH724241	cblaster_249	1070030	1081342
JH724241	cblaster_343	3249937	3266681
JH724241	cblaster_256	3488470	3498107
JH724241	cblaster_PUL0666	1639642	1645788
JH724241	cblaster_PUL0178_PUL0167_275_276_PUL0565	269988	300109
JH724241	cblaster_272_273_274_PUL0418	192815	241742
JH724241	cblaster_311	1754400	1769621
JH724241	cblaster_255	2121719	2143591
JH724241	cblaster_334_PUL0787	2424201	2481718
JH724241	cblaster_310_PUL0422	1739609	1749246
JH724241	cblaster_264	3619358	3643292
JH724241	cblaster_337_338	2703627	2728875
JH724241	cblaster_27872	1618139	1626169
JH724241	cblaster_PUL0667	1812966	1817656
JH724241	cblaster_287	720174	751769
JH724241	cblaster_283	606068	619879
JH724241	cblaster_PUL0554	706433	716824
JH724241	cblaster_27865_PUL0325	1086929	1099303
JH724241	cblaster_304_305_PUL0420	1495387	1519657
JH724241	cblaster_254	2105318	2111728
JH724241	cblaster_253	2030069	2045800
JH724241	cblaster_333_PUL0529	2338846	2392599
JH724241	cblaster_27869	1406615	1432891
JH724241	cblaster_339	2846261	2852469
JH724241	cblaster_307	1618139	1626169
JUET01000139	cblaster_PUL0700	787	16685
LN997842	cblaster_PUL0588	7410227	7414926
LR131274	cblaster_PUL0098	8800	22787
LR131275	cblaster_PUL0113	2144	27694
LR131277	cblaster_PUL0108_PUL0109_PUL0110	177	32565
LR131278	cblaster_PUL0721	21526	35924
LR131278	cblaster_PUL0091_PUL0092	21526	35924
LR131279	cblaster_PUL0721	25472	41664
LR131279	cblaster_PUL0091_PUL0092	23795	41664
LR131280	cblaster_PUL0108_PUL0109_PUL0110	932	30809
LR131281	cblaster_PUL0721	13194	29389
LR131281	cblaster_PUL0091_PUL0092	11520	29389
LR131281	cblaster_PUL0094	556	29389
LR131282	cblaster_PUL0098	21488	30185
LR131282	cblaster_PUL0101	155	17995
LR131282	cblaster_PUL0105_PUL0103	155	30185
LR131283	cblaster_PUL0098	179	13690
LR131283	cblaster_PUL0101	17183	36548
LR131283	cblaster_PUL0105_PUL0103	4995	36548
LR131284	cblaster_PUL0098	2095	10792
LR131284	cblaster_PUL0101	14285	44510
LR131286	cblaster_PUL0721	3525	24229
LR131286	cblaster_PUL0091_PUL0092	3525	24229
LR131286	cblaster_PUL0097_PUL0096	1883	32897
LR136958	cblaster_PUL0403	4697485	4704908
LT622246	cblaster_27836	30874	35560
LT622246	cblaster_3069_PUL0190	4044789	4059035
LT622246	cblaster_27812	3876041	3892444
LT622246	cblaster_PUL0532	4044789	4059035
LT622246	cblaster_27892	3387098	3394693
LT622246	cblaster_27820	4832517	4843134
LT622246	cblaster_PUL0552	4479497	4489515
LT622246	cblaster_27819	4178510	4182985
LT622246	cblaster_27826	5543862	5548487
LT622246	cblaster_PUL0770	4042637	4052959
LT622246	cblaster_PUL0666	2144436	2150582
LT622246	cblaster_3068_PUL0189	4465658	4504265
LT622246	cblaster_PUL0392	5833220	5853922
LT622246	cblaster_27872	2122989	2131019
LT622246	cblaster_PUL0667	2312075	2316764
LT622246	cblaster_PUL0554	1272932	1283329
LT622246	cblaster_27865_PUL0325	1617150	1629519
LT622246	cblaster_3073	5689178	5697339
LT622246	cblaster_27869	1941228	1961709
LT629745	cblaster_24469	2642028	2654075
LT629745	cblaster_31419_PUL0236	2642028	2654075
LT674125	cblaster_PUL0338_PUL0336	16125	36913
LT674127	cblaster_PUL0338_PUL0336	6000	35766
LT674129	cblaster_PUL0551	11810	23324
LT674131	cblaster_PUL0752	1149	6872
MH687413	cblaster_PUL0136	1335	23718
NC_000853	cblaster_PUL0122	1207115	1216986
NC_000853	cblaster_PUL0361	1807012	1817420
NC_000853	cblaster_PUL0390	51631	81458
NC_000964	cblaster_PUL0082	3095664	3102179
NC_000964	cblaster_PUL0282	3503019	3509651
NC_002505	cblaster_PUL0577	642813	655483
NC_002973	cblaster_PUL0005	1769490	1774919
NC_003063	cblaster_PUL0155	11702	21103
NC_003063	cblaster_PUL0726	302504	312552
NC_003098	cblaster_PUL0486	1679659	1689931
NC_003098	cblaster_PUL0194	1929899	1940717
NC_003098	cblaster_PUL0207	291813	296637
NC_003098	cblaster_PUL0277	1545467	1551164
NC_003098	cblaster_PUL0018	285135	298853
NC_003098	cblaster_PUL0519	1895735	1905654
NC_003098	cblaster_PUL0279	1590820	1598270
NC_003098	cblaster_PUL0585_PUL0186	274498	281042
NC_003098	cblaster_PUL0037	1679659	1689931
NC_003098	cblaster_PUL0245	1951629	1964969
NC_003212	cblaster_PUL0744	2923434	2927820
NC_003228	cblaster_27892	3996611	3999348
NC_003228	cblaster_3651_PUL0348	2100109	2124156
NC_003228	cblaster_PUL0166	3664550	3675115
NC_003228	cblaster_PUL0721	2100109	2119669
NC_003228	cblaster_PUL0091_PUL0092	2100109	2119669
NC_003228	cblaster_PUL0180	973098	1007603
NC_003228	cblaster_3775_PUL0171	4022353	4035644
NC_003228	cblaster_3773	458302	469327
NC_003228	cblaster_27819	2119765	2124156
NC_003228	cblaster_PUL0746	2100109	2124156
NC_003228	cblaster_3713	4218916	4227638
NC_003228	cblaster_PUL0408	944104	949034
NC_003228	cblaster_27826	1886173	1891002
NC_003228	cblaster_3774_PUL0556	1568050	1578269
NC_003228	cblaster_3772_PUL0555	386593	403162
NC_003228	cblaster_245	4132775	4137370
NC_003902	cblaster_PUL0701	4872853	4909294
NC_003902	cblaster_PUL0365	2926212	2941997
NC_003902	cblaster_PUL0702	2024640	2042368
NC_003902	cblaster_PUL0387	4057996	4068371
NC_003902	cblaster_PUL0169	2832163	2854388
NC_003902	cblaster_PUL0364	4895163	4909294
NC_003902	cblaster_PUL0211	3414365	3434455
NC_003902	cblaster_PUL0362	3996973	4004221
NC_003902	cblaster_PUL0719	2926212	2941997
NC_003902	cblaster_PUL0363	150291	155526
NC_003919	cblaster_PUL0365	3056085	3070365
NC_003919	cblaster_PUL0387	845032	853970
NC_003919	cblaster_PUL0169	2967982	2988543
NC_003919	cblaster_PUL0364	5013678	5029051
NC_003919	cblaster_PUL0211	3592672	3606539
NC_003919	cblaster_PUL0362	4120820	4128017
NC_004307	cblaster_PUL0576	2047897	2057593
NC_004307	cblaster_PUL0297	1165270	1177370
NC_004307	cblaster_PUL0300	1787637	1805547
NC_004307	cblaster_PUL0232	1692107	1699655
NC_004307	cblaster_PUL0031	126783	130943
NC_004307	cblaster_PUL0298	1165270	1177370
NC_004307	cblaster_PUL0720	1354873	1372084
NC_004307	cblaster_PUL0367	1171510	1175787
NC_004307	cblaster_PUL0032	1500955	1505431
NC_004307	cblaster_PUL0283	1167522	1177370
NC_004307	cblaster_PUL0285	1015666	1027327
NC_004307	cblaster_PUL0142	1728532	1733232
NC_004567	cblaster_PUL0159	3091773	3094597
NC_004567	cblaster_PUL0684	1565017	1568624
NC_004663	cblaster_27845_27899_PUL0161	3254828	3301755
NC_004663	cblaster_27877_27900_PUL0163	4892567	4930110
NC_004663	cblaster_27831_PUL0008	2164398	2186087
NC_004663	cblaster_27836	2729183	2735623
NC_004663	cblaster_27879_27880_PUL0471	5128178	5163671
NC_004663	cblaster_27882	5248067	5255143
NC_004663	cblaster_27834	2548164	2554142
NC_004663	cblaster_3069_PUL0190	417721	433937
NC_004663	cblaster_242_PUL0415	1516363	1528605
NC_004663	cblaster_27827	1914109	1921462
NC_004663	cblaster_27884_PUL0305	5371713	5408988
NC_004663	cblaster_27812	197340	212059
NC_004663	cblaster_27817_27818_27903_PUL0463_PUL0464_PUL0115	520418	573721
NC_004663	cblaster_27886_PUL0564	5441390	5518100
NC_004663	cblaster_PUL0532	417721	429890
NC_004663	cblaster_27856_PUL0665	3850952	3869539
NC_004663	cblaster_27881_PUL0380	5185627	5205167
NC_004663	cblaster_27892	5878344	5885923
NC_004663	cblaster_27844	3192719	3199567
NC_004663	cblaster_27866_27867_PUL0377	4268514	4322090
NC_004663	cblaster_27820	934483	945888
NC_004663	cblaster_PUL0205_27857_27858	3910955	3956529
NC_004663	cblaster_PUL0717	3989586	4001991
NC_004663	cblaster_27860	4044770	4069779
NC_004663	cblaster_27898_27901_27822_27823_PUL0558_PUL0117	1194775	1337010
NC_004663	cblaster_27852	3709817	3725635
NC_004663	cblaster_27876_PUL0470	4865026	4875193
NC_004663	cblaster_PUL0552	1273456	1283386
NC_004663	cblaster_27854	3801070	3816084
NC_004663	cblaster_257	197340	209842
NC_004663	cblaster_27828_27829_27905_PUL0352_PUL0467	1987599	2027625
NC_004663	cblaster_27904_PUL0116	626051	629842
NC_004663	cblaster_27861_PUL0712	4125848	4142407
NC_004663	cblaster_27814_PUL0560	291940	340723
NC_004663	cblaster_27883_PUL0472	5300875	5353000
NC_004663	cblaster_27873_27902_27874_PUL0559_PUL0563	4749696	4793040
NC_004663	cblaster_27837_27838	2751384	2776495
NC_004663	cblaster_286	3913434	3925662
NC_004663	cblaster_27830	2072870	2079060
NC_004663	cblaster_27825_PUL0465	1588729	1600485
NC_004663	cblaster_278	934483	945092
NC_004663	cblaster_247	1769413	1774037
NC_004663	cblaster_27810	22551	28011
NC_004663	cblaster_27835	2636578	2661529
NC_004663	cblaster_27811	139332	151475
NC_004663	cblaster_27888	5618173	5631527
NC_004663	cblaster_303	4541945	4563342
NC_004663	cblaster_27875_PUL0204	4799967	4816693
NC_004663	cblaster_27894_27895_PUL0384_PUL0304	6085859	6132647
NC_004663	cblaster_27813	222703	238928
NC_004663	cblaster_27859_PUL0688	4017137	4028556
NC_004663	cblaster_27893	6062270	6072615
NC_004663	cblaster_27868_PUL0468	4457046	4526084
NC_004663	cblaster_27862_27863	4174537	4200594
NC_004663	cblaster_27816_PUL0302	417721	455321
NC_004663	cblaster_27832	2189549	2224907
NC_004663	cblaster_27819	595674	600171
NC_004663	cblaster_PUL0746	557454	570298
NC_004663	cblaster_27853	3730364	3751904
NC_004663	cblaster_27840	2941695	2953026
NC_004663	cblaster_27887_PUL0382	5582255	5601271
NC_004663	cblaster_27826	1769413	1774037
NC_004663	cblaster_27839	2847058	2852371
NC_004663	cblaster_27885_PUL0252	5419108	5433257
NC_004663	cblaster_27878_PUL0162	5012926	5035189
NC_004663	cblaster_27889_PUL0251	5656889	5669500
NC_004663	cblaster_PUL0770	415535	426326
NC_004663	cblaster_27841	2980115	2992781
NC_004663	cblaster_27824	1402937	1408293
NC_004663	cblaster_27871	4635418	4679593
NC_004663	cblaster_PUL0666	4732769	4741173
NC_004663	cblaster_27847_PUL0376	3502744	3522095
NC_004663	cblaster_27864	4212869	4239544
NC_004663	cblaster_27821_PUL0357	1061860	1068345
NC_004663	cblaster_27842	3073420	3085520
NC_004663	cblaster_27846_PUL0026	3477148	3489799
NC_004663	cblaster_27843	3160233	3169691
NC_004663	cblaster_27897	6196910	6208881
NC_004663	cblaster_27848_PUL0689	3557327	3578591
NC_004663	cblaster_27890_PUL0383	5739540	5750261
NC_004663	cblaster_3068_PUL0189	1257067	1283386
NC_004663	cblaster_27872	4701146	4709004
NC_004663	cblaster_27870_PUL0713	4615172	4628579
NC_004663	cblaster_PUL0667	4883106	4887725
NC_004663	cblaster_27833_PUL0690	2349871	2365002
NC_004663	cblaster_27855	3824415	3831948
NC_004663	cblaster_PUL0791	1199000	1215722
NC_004663	cblaster_27849_27850_27851_PUL0354	3611933	3673260
NC_004663	cblaster_27896_PUL0356	6173873	6191083
NC_004663	cblaster_27891_PUL0120	5798922	5807973
NC_004663	cblaster_PUL0554	3913434	3923822
NC_004663	cblaster_27865_PUL0325	4246706	4259906
NC_004663	cblaster_299	2729183	2736389
NC_004663	cblaster_245	2553743	2558660
NC_004663	cblaster_27869	4541945	4570056
NC_004663	cblaster_339	5878344	5884554
NC_004663	cblaster_307	4701146	4709004
NC_006347	cblaster_PUL0326	3295328	3305541
NC_006347	cblaster_27892	4092111	4094848
NC_006347	cblaster_3651_PUL0348	2022214	2049211
NC_006347	cblaster_PUL0166	3755846	3766411
NC_006347	cblaster_PUL0721	2022214	2041771
NC_006347	cblaster_PUL0091_PUL0092	2022214	2041771
NC_006347	cblaster_PUL0180	1033852	1068361
NC_006347	cblaster_3775_PUL0171	4117850	4128335
NC_006347	cblaster_3773	511730	522755
NC_006347	cblaster_27819	2041867	2046258
NC_006347	cblaster_PUL0746	2022214	2046258
NC_006347	cblaster_3713	4312980	4321703
NC_006347	cblaster_PUL0408	1004858	1009788
NC_006347	cblaster_27826	1867996	1872825
NC_006347	cblaster_3774_PUL0556	1564047	1574265
NC_006347	cblaster_3772_PUL0555	440014	456583
NC_006347	cblaster_245	4226583	4231149
NC_006370	cblaster_PUL0012	541672	554206
NC_006840	cblaster_PUL0577	2393010	2405535
NC_006840	cblaster_PUL0012	2391188	2405535
NC_007946	cblaster_PUL0410	3580361	3585837
NC_007946	cblaster_PUL0571	1849839	1856747
NC_007946	cblaster_PUL0751	387134	393396
NC_008228	cblaster_PUL0709	3084704	3118892
NC_008228	cblaster_PUL0706	929369	998729
NC_008228	cblaster_PUL0146	1036848	1074395
NC_008228	cblaster_PUL0708	2803537	2853937
NC_008228	cblaster_PUL0152	4406811	4416529
NC_008228	cblaster_PUL0707	2345054	2410403
NC_008526	cblaster_PUL0679	551920	557730
NC_008618	cblaster_PUL0031	1419722	1424203
NC_008618	cblaster_PUL0140	529774	545626
NC_008618	cblaster_PUL0347	409239	423106
NC_008618	cblaster_PUL0142	1977021	1981616
NC_009004	cblaster_PUL0016	428396	433134
NC_009004	cblaster_PUL0582	174929	179693
NC_009004	cblaster_PUL0168	2194373	2202023
NC_009004	cblaster_PUL0683	1815994	1823564
NC_009004	cblaster_PUL0015	1209751	1217592
NC_009328	cblaster_PUL0395	1891672	1913507
NC_009328	cblaster_PUL0010	1860424	1909199
NC_009328	cblaster_PUL0583	1268310	1273903
NC_009328	cblaster_PUL0268	678139	684251
NC_009328	cblaster_PUL0006	3222109	3237176
NC_009328	cblaster_PUL0542	1855421	1889141
NC_009328	cblaster_PUL0602	1855421	1889141
NC_009441	cblaster_4088_PUL0476_4089	2360725	2414825
NC_009441	cblaster_4106	5034736	5050242
NC_009441	cblaster_4084_PUL0473	1372985	1390157
NC_009441	cblaster_4105	4992898	5002229
NC_009441	cblaster_4090	2455078	2471848
NC_009441	cblaster_4098	4189789	4208635
NC_009441	cblaster_4107_PUL0483	5085428	5106328
NC_009441	cblaster_4115_PUL0488	5974733	5995493
NC_009441	cblaster_4093	3429715	3440835
NC_009441	cblaster_4086_PUL0474	1804385	1822482
NC_009441	cblaster_4112_4116_PUL0344	5498223	5523723
NC_009441	cblaster_4099	4242700	4251130
NC_009441	cblaster_4104_PUL0482	4877469	4935368
NC_009441	cblaster_4096	3882935	3892153
NC_009441	cblaster_4092_PUL0478	3224739	3240994
NC_009441	cblaster_4101_PUL0480_4102_PUL0289	4577232	4631444
NC_009441	cblaster_4114	5822482	5837144
NC_009441	cblaster_4113	5643061	5658050
NC_009441	cblaster_4097	3984999	3994021
NC_009441	cblaster_4094	3588527	3596930
NC_009441	cblaster_4108_PUL0484	5124511	5142865
NC_009441	cblaster_4110	5274124	5283616
NC_009441	cblaster_4091_PUL0477	2909443	2922061
NC_009441	cblaster_4085	1591426	1613477
NC_009441	cblaster_PUL0795_4083	850018	873685
NC_009441	cblaster_4103	4694037	4710080
NC_009441	cblaster_4111_PUL0485	5337221	5358507
NC_009441	cblaster_4095_PUL0479	3676211	3719475
NC_009441	cblaster_4109	5225255	5234961
NC_009441	cblaster_4100	4501653	4512550
NC_009441	cblaster_4087	2339869	2353614
NC_009614	cblaster_PUL0724	268329	296905
NC_009614	cblaster_PUL0721	5083182	5108915
NC_009614	cblaster_PUL0091_PUL0092	5083182	5110541
NC_009614	cblaster_PUL0097_PUL0096	5078306	5103985
NC_009614	cblaster_PUL0687	52179	64275
NC_009614	cblaster_PUL0094	5092672	5120112
NC_009614	cblaster_PUL0112_PUL0106	1620651	1638769
NC_009614	cblaster_PUL0770	2991118	2999788
NC_009614	cblaster_27824	4345200	4350138
NC_009614	cblaster_PUL0723	268329	296905
NC_009614	cblaster_PUL0667	850615	853879
NC_010655	cblaster_PUL0728	965904	989029
NC_010995	cblaster_PUL0175	311103	316386
NC_010999	cblaster_PUL0021	2812096	2828688
NC_010999	cblaster_PUL0153	723921	728489
NC_011593	cblaster_PUL0576	2404196	2413894
NC_011593	cblaster_PUL0212	46991	52818
NC_011593	cblaster_PUL0606	314771	319392
NC_011593	cblaster_PUL0740	2442410	2445795
NC_011593	cblaster_PUL0232	2773011	2780413
NC_011593	cblaster_PUL0031	912482	916783
NC_011593	cblaster_PUL0673	2602105	2609546
NC_011593	cblaster_PUL0742	395168	402861
NC_011593	cblaster_PUL0741	2558877	2565276
NC_011593	cblaster_PUL0142	2741997	2746694
NC_011593	cblaster_PUL0368	2593831	2636747
NC_011898	cblaster_PUL0083	843031	864108
NC_011898	cblaster_PUL0224_PUL0114	1502002	1537237
NC_011898	cblaster_PUL0743	1548962	1567460
NC_011898	cblaster_PUL0385_PUL0040	838274	864108
NC_011898	cblaster_PUL0085	878564	886518
NC_011898	cblaster_PUL0017	2466251	2481041
NC_011898	cblaster_PUL0084	1507374	1537237
NC_012034	cblaster_PUL0322	1929396	1982736
NC_012034	cblaster_PUL0078	698651	701699
NC_012034	cblaster_PUL0695	697212	703783
NC_012034	cblaster_PUL0694	212374	236250
NC_012034	cblaster_PUL0320	1929396	1982736
NC_012034	cblaster_PUL0697	2873291	2877263
NC_012034	cblaster_PUL0696	938999	956668
NC_012781	cblaster_PUL0595	992039	994875
NC_012781	cblaster_PUL0596	501346	506902
NC_012781	cblaster_PUL0394_PUL0632	236958	243208
NC_012914	cblaster_PUL0594	4094826	4100740
NC_012914	cblaster_PUL0229_PUL0592	1572580	1584525
NC_012914	cblaster_PUL0187	1124075	1136568
NC_013199	cblaster_PUL0021	2720575	2730822
NC_013199	cblaster_PUL0407	633375	638120
NC_013199	cblaster_PUL0196	326558	335928
NC_013199	cblaster_PUL0153	633375	638120
NC_014033	cblaster_PUL0241	3035726	3048451
NC_014033	cblaster_PUL0770	507673	514016
NC_014934	cblaster_PUL0319_PUL0314	3497567	3507860
NC_014934	cblaster_PUL0732	473913	500825
NC_014934	cblaster_21169_PUL0148	473913	499306
NC_015067	cblaster_PUL0576	1930178	1940121
NC_015067	cblaster_PUL0295	2242912	2266689
NC_015067	cblaster_PUL0232	2312659	2320207
NC_015067	cblaster_PUL0031	1586203	1590362
NC_015067	cblaster_PUL0298	444990	454595
NC_015067	cblaster_PUL0233	2300611	2307473
NC_015067	cblaster_PUL0032	137700	142189
NC_015067	cblaster_PUL0285	567931	579571
NC_015067	cblaster_PUL0142	2266894	2271591
NC_015167	cblaster_PUL0051	303129	314951
NC_015167	cblaster_PUL0734	1997202	2029289
NC_015167	cblaster_21161	1432969	1446936
NC_015846	cblaster_4162_4173	398336	419796
NC_015846	cblaster_4169	2091061	2097680
NC_015846	cblaster_4166	1490918	1513615
NC_015846	cblaster_4163	577786	585873
NC_015846	cblaster_4160	10229	18749
NC_015846	cblaster_4168_4174_PUL0398	1883301	1901180
NC_015846	cblaster_4170	2153638	2169419
NC_015846	cblaster_4165	1188402	1200665
NC_015846	cblaster_4164_PUL0397	931941	941137
NC_015846	cblaster_4161	42273	54928
NC_015846	cblaster_4167	1843679	1848772
NC_015846	cblaster_4172	2419827	2425779
NC_015846	cblaster_4171	2385028	2399879
NC_015977	cblaster_PUL0001	2482003	2500030
NC_016776	cblaster_27892	4034532	4037269
NC_016776	cblaster_3651_PUL0348	2027222	2051267
NC_016776	cblaster_PUL0166	3710041	3720606
NC_016776	cblaster_PUL0721	2027222	2046779
NC_016776	cblaster_PUL0091_PUL0092	2027222	2046779
NC_016776	cblaster_PUL0180	1026492	1061001
NC_016776	cblaster_3775_PUL0171	4060270	4070755
NC_016776	cblaster_3773	524099	535123
NC_016776	cblaster_PUL0746	2027222	2041954
NC_016776	cblaster_3713	4253817	4261189
NC_016776	cblaster_PUL0408	997495	1002425
NC_016776	cblaster_27826	1890596	1895425
NC_016776	cblaster_3774_PUL0556	1583510	1593729
NC_016776	cblaster_3772_PUL0555	437948	454517
NC_016776	cblaster_245	4166472	4171045
NC_020517	cblaster_PUL0576	1970704	1979207
NC_020517	cblaster_PUL0297	555378	567551
NC_020517	cblaster_PUL0578	153079	159234
NC_020517	cblaster_PUL0606	389205	393826
NC_020517	cblaster_PUL0232	2337396	2344915
NC_020517	cblaster_PUL0298	555378	567551
NC_020517	cblaster_PUL0233	2325348	2332210
NC_020517	cblaster_PUL0367	556963	561262
NC_020517	cblaster_PUL0284	1928567	1934764
NC_020517	cblaster_PUL0032	144520	149008
NC_020517	cblaster_PUL0283	555378	565250
NC_020517	cblaster_PUL0673	1603797	1608689
NC_020517	cblaster_PUL0741	2155635	2161312
NC_020517	cblaster_PUL0285	707813	714874
NC_020517	cblaster_PUL0142	2302257	2306895
NC_023151	cblaster_PUL0122	1598264	1608135
NC_023151	cblaster_PUL0361	997861	1008239
NC_023151	cblaster_PUL0390	864164	893991
NZ_ABJL02000006	cblaster_3773	342364	348172
NZ_ABJL02000006	cblaster_27870_PUL0713	376529	394744
NZ_ABJL02000006	cblaster_PUL0667	163269	168010
NZ_ABJL02000007	cblaster_PUL0540	674065	685626
NZ_ABJL02000007	cblaster_PUL0541	608230	622111
NZ_ABJL02000007	cblaster_PUL0554	1365595	1378441
NZ_ABJL02000008	cblaster_3069_PUL0190	858933	872593
NZ_ABJL02000008	cblaster_242_PUL0415	662317	673508
NZ_ABJL02000008	cblaster_PUL0794	835016	876949
NZ_ABJL02000008	cblaster_PUL0532	858933	872593
NZ_ABJL02000008	cblaster_28_PUL0345	2468544	2528982
NZ_ABJL02000008	cblaster_27819	57189	61571
NZ_ABJL02000008	cblaster_PUL0770	862562	874778
NZ_ABJL02000008	cblaster_PUL0262	2495674	2523522
NZ_ABJL02000008	cblaster_PUL0533	889016	910988
NZ_ABJL02000008	cblaster_245	3442803	3448258
NZ_ABJL02000008	cblaster_PUL0218	838011	864797
NZ_ACFY01000156	cblaster_PUL0634	30157	36513
NZ_AP012330	cblaster_PUL0297	1890845	1900961
NZ_AP012330	cblaster_PUL0792	551964	571315
NZ_AP012330	cblaster_PUL0212	2068298	2074125
NZ_AP012330	cblaster_PUL0299	2208138	2219203
NZ_AP012330	cblaster_PUL0740	2214414	2217803
NZ_AP012330	cblaster_PUL0232	2241412	2249074
NZ_AP012330	cblaster_PUL0232	2265800	2273462
NZ_AP012330	cblaster_PUL0031	1589102	1593462
NZ_AP012330	cblaster_PUL0140	577401	591985
NZ_AP012330	cblaster_PUL0298	1890845	1900961
NZ_AP012330	cblaster_PUL0720	163873	170871
NZ_AP012330	cblaster_PUL0367	1894973	1899315
NZ_AP012330	cblaster_PUL0283	1894973	1900961
NZ_AP012330	cblaster_PUL0742	2213045	2217803
NZ_AP012330	cblaster_PUL0285	634128	638238
NZ_AP012330	cblaster_PUL0347	424450	436966
NZ_AP022379	cblaster_PUL0576	1815259	1825202
NZ_AP022379	cblaster_PUL0295	2146587	2161311
NZ_AP022379	cblaster_PUL0232	2197089	2204637
NZ_AP022379	cblaster_PUL0031	1473983	1478142
NZ_AP022379	cblaster_PUL0298	451179	459402
NZ_AP022379	cblaster_PUL0233	2185042	2191903
NZ_AP022379	cblaster_PUL0720	253173	270382
NZ_AP022379	cblaster_PUL0032	127929	132418
NZ_AP022379	cblaster_PUL0029	2122713	2166213
NZ_AP022379	cblaster_PUL0285	575758	587419
NZ_AP022379	cblaster_PUL0142	2161516	2166213
NZ_CAWLDM010000001	cblaster_PUL0772	5140922	5149891
NZ_CP009976	cblaster_PUL0319_PUL0314	2780419	2790641
NZ_CP009976	cblaster_PUL0730	4525247	4545890
NZ_CP009976	cblaster_21137	673497	684533
NZ_CP012938	cblaster_326_PUL0045	2079750	2100682
NZ_CP012938	cblaster_324_PUL0747	2036823	2057726
NZ_CP012938	cblaster_27836	2739567	2744253
NZ_CP012938	cblaster_235	4177905	4184995
NZ_CP012938	cblaster_308_309_PUL0421_PUL0714	4882317	4918992
NZ_CP012938	cblaster_3069_PUL0190	277900	292146
NZ_CP012938	cblaster_242_PUL0415	456197	468931
NZ_CP012938	cblaster_266_267_PUL0416_PUL0417	361786	401993
NZ_CP012938	cblaster_PUL0326	5408065	5419702
NZ_CP012938	cblaster_27812	109147	125551
NZ_CP012938	cblaster_332	5564723	5602845
NZ_CP012938	cblaster_246	1741402	1759212
NZ_CP012938	cblaster_288	4032899	4041065
NZ_CP012938	cblaster_PUL0532	277900	292146
NZ_CP012938	cblaster_27892	6092685	6100280
NZ_CP012938	cblaster_317	1539586	1550154
NZ_CP012938	cblaster_325	2065560	2075840
NZ_CP012938	cblaster_289_290	4071479	4107471
NZ_CP012938	cblaster_27820	1065580	1076197
NZ_CP012938	cblaster_237	3121555	3146922
NZ_CP012938	cblaster_238	3162157	3170537
NZ_CP012938	cblaster_340_341_348_PUL0306_PUL0566_PUL0427	6278253	6335129
NZ_CP012938	cblaster_335_PUL0788	5760158	5810545
NZ_CP012938	cblaster_269_270_271	4364105	4425676
NZ_CP012938	cblaster_297	2780926	2800131
NZ_CP012938	cblaster_PUL0552	712553	722571
NZ_CP012938	cblaster_257	109147	121653
NZ_CP012938	cblaster_240_PUL0790	779678	801973
NZ_CP012938	cblaster_PUL0786_319	686699	739459
NZ_CP012938	cblaster_261	2440421	2448331
NZ_CP012938	cblaster_294	2866243	2872402
NZ_CP012938	cblaster_243	1630446	1651151
NZ_CP012938	cblaster_300	2649471	2665723
NZ_CP012938	cblaster_248	4245191	4263102
NZ_CP012938	cblaster_292_293	2964124	2992439
NZ_CP012938	cblaster_241	3006693	3024777
NZ_CP012938	cblaster_244	2491750	2507264
NZ_CP012938	cblaster_286	3977381	3991117
NZ_CP012938	cblaster_278	1065580	1076197
NZ_CP012938	cblaster_296	2812021	2829556
NZ_CP012938	cblaster_265	244799	259805
NZ_CP012938	cblaster_262	2422517	2428968
NZ_CP012938	cblaster_247	1777251	1781876
NZ_CP012938	cblaster_291	4120699	4136269
NZ_CP012938	cblaster_312	4980883	4997898
NZ_CP012938	cblaster_336	5940525	5958399
NZ_CP012938	cblaster_314	5024100	5046596
NZ_CP012938	cblaster_303	4646075	4664911
NZ_CP012938	cblaster_277	3666396	3717808
NZ_CP012938	cblaster_313	5006858	5017751
NZ_CP012938	cblaster_323	1973995	1981355
NZ_CP012938	cblaster_342	6376678	6382114
NZ_CP012938	cblaster_279_280_346_281_PUL0419_PUL0527_PUL0063	3753191	3822334
NZ_CP012938	cblaster_327	2103383	2117051
NZ_CP012938	cblaster_284_285_PUL0528_PUL0674	3918247	3955792
NZ_CP012938	cblaster_330_PUL0425	2220735	2239827
NZ_CP012938	cblaster_302	4597541	4614893
NZ_CP012938	cblaster_302	4622321	4628521
NZ_CP012938	cblaster_345_PUL0789	6454295	6471913
NZ_CP012938	cblaster_236	4196760	4208378
NZ_CP012938	cblaster_27819	411618	416093
NZ_CP012938	cblaster_PUL0746	402703	416580
NZ_CP012938	cblaster_315_316	5048529	5093214
NZ_CP012938	cblaster_258_259_260_PUL0745	13839	68002
NZ_CP012938	cblaster_27826	1777251	1781876
NZ_CP012938	cblaster_249	4290031	4301354
NZ_CP012938	cblaster_343	6393929	6410674
NZ_CP012938	cblaster_256	136232	145869
NZ_CP012938	cblaster_PUL0770	275748	286070
NZ_CP012938	cblaster_PUL0666	4850382	4856528
NZ_CP012938	cblaster_PUL0178_PUL0167_275_276_PUL0565	3586942	3637591
NZ_CP012938	cblaster_272_273_274_PUL0418	3510948	3559900
NZ_CP012938	cblaster_311	4959459	4974680
NZ_CP012938	cblaster_234	2468947	2479334
NZ_CP012938	cblaster_255	5301117	5322989
NZ_CP012938	cblaster_321	1845724	1863042
NZ_CP012938	cblaster_334_PUL0787	5695359	5755102
NZ_CP012938	cblaster_310_PUL0422	4947407	4956476
NZ_CP012938	cblaster_250_251_PUL0526	4307031	4336279
NZ_CP012938	cblaster_298	2757232	2762492
NZ_CP012938	cblaster_264	217576	242727
NZ_CP012938	cblaster_263	3275120	3287822
NZ_CP012938	cblaster_337_338	5986929	6012177
NZ_CP012938	cblaster_3068_PUL0189	698751	737321
NZ_CP012938	cblaster_PUL0392	2066614	2087316
NZ_CP012938	cblaster_27872	4828935	4836965
NZ_CP012938	cblaster_PUL0667	5018022	5022711
NZ_CP012938	cblaster_287	3995153	4027150
NZ_CP012938	cblaster_252	3356687	3375290
NZ_CP012938	cblaster_283	3901978	3915789
NZ_CP012938	cblaster_PUL0791	844102	860542
NZ_CP012938	cblaster_344	6415665	6430256
NZ_CP012938	cblaster_PUL0554	3978865	3989256
NZ_CP012938	cblaster_27865_PUL0325	4323086	4335455
NZ_CP012938	cblaster_304_305_PUL0420	4702461	4740423
NZ_CP012938	cblaster_282	3844917	3896500
NZ_CP012938	cblaster_306_347_PUL0044	4748799	4814188
NZ_CP012938	cblaster_254	5282224	5288589
NZ_CP012938	cblaster_295	2845800	2857149
NZ_CP012938	cblaster_322	1919041	1930728
NZ_CP012938	cblaster_3073	1922568	1930728
NZ_CP012938	cblaster_328	2133312	2139563
NZ_CP012938	cblaster_253	5215072	5230803
NZ_CP012938	cblaster_299	2739567	2746008
NZ_CP012938	cblaster_301	2612536	2622499
NZ_CP012938	cblaster_239	748516	766423
NZ_CP012938	cblaster_320	1804992	1815389
NZ_CP012938	cblaster_329	2188326	2207235
NZ_CP012938	cblaster_333_PUL0529	5623779	5679732
NZ_CP012938	cblaster_245	2524953	2528942
NZ_CP012938	cblaster_27869	4647170	4667651
NZ_CP012938	cblaster_339	6092685	6098893
NZ_CP012938	cblaster_307	4828935	4836965
NZ_CP020030	cblaster_PUL0395	1983784	2005623
NZ_CP020030	cblaster_PUL0583	1367495	1373087
NZ_CP020030	cblaster_PUL0268	763155	769267
NZ_CP020030	cblaster_PUL0006	3267676	3282743
NZ_CP020030	cblaster_PUL0542	1946332	1981241
NZ_CP020030	cblaster_PUL0602	1946332	1981241
NZ_CP022413	cblaster_PUL0634	447902	451446
NZ_CP022413	cblaster_PUL0754	517010	523928
NZ_CP022413	cblaster_PUL0752	515672	523928
NZ_CP022413	cblaster_PUL0394_PUL0632	447902	454000
NZ_CP022413	cblaster_PUL0636	410087	413934
NZ_CP022479	cblaster_PUL0635	485212	487382
NZ_CP022479	cblaster_PUL0107	2470854	2497029
NZ_CP027060	cblaster_PUL0410	999723	1006386
NZ_CP027060	cblaster_PUL0571	4090004	4096904
NZ_CP027060	cblaster_PUL0751	2634686	2640948
NZ_CP034484	cblaster_PUL0082	3090893	3097408
NZ_CP034484	cblaster_PUL0282	3498240	3504872
NZ_CP046176	cblaster_PUL0724	4092287	4124046
NZ_CP046176	cblaster_PUL0091_PUL0092	3701355	3728620
NZ_CP046176	cblaster_PUL0097_PUL0096	3701355	3722065
NZ_CP046176	cblaster_PUL0687	3865340	3876133
NZ_CP046176	cblaster_PUL0094	3710752	3738200
NZ_CP046176	cblaster_PUL0770	1290392	1299062
NZ_CP046176	cblaster_27824	1709663	1714601
NZ_CP046176	cblaster_298	4616401	4621630
NZ_CP046176	cblaster_PUL0667	4667219	4670484
NZ_CP079235	cblaster_PUL0297	1945310	1955235
NZ_CP079235	cblaster_PUL0232	2268497	2276266
NZ_CP079235	cblaster_PUL0031	1674724	1679083
NZ_CP079235	cblaster_PUL0140	579475	594063
NZ_CP079235	cblaster_PUL0298	1945310	1955235
NZ_CP079235	cblaster_PUL0720	160846	167828
NZ_CP079235	cblaster_PUL0367	1949247	1953589
NZ_CP079235	cblaster_PUL0283	1949247	1955235
NZ_CP079235	cblaster_PUL0285	635830	639940
NZ_CP079235	cblaster_PUL0347	420561	435433
NZ_CP079235	cblaster_PUL0142	2192141	2200101
NZ_CP084061	cblaster_PUL0754	2704757	2710764
NZ_CP084061	cblaster_PUL0753	2704757	2712112
NZ_CP084061	cblaster_PUL0636	4857021	4860913
NZ_CP090614	cblaster_PUL0577	2159272	2171993
NZ_CP090614	cblaster_PUL0012	2159272	2179361
NZ_CP090614	cblaster_PUL0579	2425828	2430219
NZ_CP098511	cblaster_21143	2790780	2797074
NZ_CP113514	cblaster_326_PUL0045	4163931	4184729
NZ_CP113514	cblaster_27836	4837448	4842134
NZ_CP113514	cblaster_235	6286268	6293358
NZ_CP113514	cblaster_27834	4941880	4952046
NZ_CP113514	cblaster_3069_PUL0190	2178620	2192876
NZ_CP113514	cblaster_242_PUL0415	2407346	2418935
NZ_CP113514	cblaster_PUL0055	6037277	6049179
NZ_CP113514	cblaster_288	6112352	6120519
NZ_CP113514	cblaster_PUL0532	2178620	2192876
NZ_CP113514	cblaster_27892	1481601	1489240
NZ_CP113514	cblaster_3651_PUL0348	2348040	2367454
NZ_CP113514	cblaster_317	3597118	3607686
NZ_CP113514	cblaster_325	4149742	4160021
NZ_CP113514	cblaster_289_290	6150838	6185847
NZ_CP113514	cblaster_27820	3086458	3097075
NZ_CP113514	cblaster_27860	6194249	6214502
NZ_CP113514	cblaster_269_270_271	6512257	6542550
NZ_CP113514	cblaster_PUL0552	2634328	2644323
NZ_CP113514	cblaster_240_PUL0790	2694923	2716708
NZ_CP113514	cblaster_PUL0786_319	2618544	2662095
NZ_CP113514	cblaster_261	4510523	4518433
NZ_CP113514	cblaster_294	4970545	4977768
NZ_CP113514	cblaster_243	3686541	3703553
NZ_CP113514	cblaster_248	6334494	6352406
NZ_CP113514	cblaster_244	4551424	4566938
NZ_CP113514	cblaster_286	6050075	6062328
NZ_CP113514	cblaster_278	3086458	3097075
NZ_CP113514	cblaster_296	4906720	4924182
NZ_CP113514	cblaster_262	4492619	4499070
NZ_CP113514	cblaster_247	3850695	3855320
NZ_CP113514	cblaster_291	6224315	6234783
NZ_CP113514	cblaster_312	362438	379453
NZ_CP113514	cblaster_336	1297110	1314999
NZ_CP113514	cblaster_314	395131	418084
NZ_CP113514	cblaster_303	52593	75071
NZ_CP113514	cblaster_323	4007958	4015318
NZ_CP113514	cblaster_342	1809190	1814627
NZ_CP113514	cblaster_330_PUL0425	4273758	4292796
NZ_CP113514	cblaster_302	1640	9379
NZ_CP113514	cblaster_345_PUL0789	1893664	1911277
NZ_CP113514	cblaster_27819	2362979	2367454
NZ_CP113514	cblaster_PUL0746	2355852	2367454
NZ_CP113514	cblaster_315_316	434872	464129
NZ_CP113514	cblaster_258_259_260_PUL0745	1924589	1963183
NZ_CP113514	cblaster_27826	3850695	3855320
NZ_CP113514	cblaster_249	6381149	6393785
NZ_CP113514	cblaster_343	1826339	1842481
NZ_CP113514	cblaster_PUL0770	2176468	2186798
NZ_CP113514	cblaster_PUL0666	245267	251372
NZ_CP113514	cblaster_272_273_274_PUL0418	5457622	5491932
NZ_CP113514	cblaster_234	4531379	4541764
NZ_CP113514	cblaster_334_PUL0787	1053806	1111546
NZ_CP113514	cblaster_310_PUL0422	310427	318321
NZ_CP113514	cblaster_298	4854671	4859931
NZ_CP113514	cblaster_3068_PUL0189	2622142	2659957
NZ_CP113514	cblaster_PUL0392	4150795	4171372
NZ_CP113514	cblaster_27872	223678	231706
NZ_CP113514	cblaster_PUL0667	389123	393813
NZ_CP113514	cblaster_283	5976320	5990152
NZ_CP113514	cblaster_PUL0791	2759730	2776219
NZ_CP113514	cblaster_344	1857416	1870366
NZ_CP113514	cblaster_PUL0554	6050075	6060466
NZ_CP113514	cblaster_27865_PUL0325	6399383	6411757
NZ_CP113514	cblaster_304_305_PUL0420	111874	136151
NZ_CP113514	cblaster_254	682240	688650
NZ_CP113514	cblaster_295	4940406	4946619
NZ_CP113514	cblaster_322	3953257	3962183
NZ_CP113514	cblaster_3073	3957223	3962183
NZ_CP113514	cblaster_328	4205925	4212173
NZ_CP113514	cblaster_253	615199	630919
NZ_CP113514	cblaster_299	4837448	4844197
NZ_CP113514	cblaster_PUL0553	163843	206738
NZ_CP113514	cblaster_301	4656252	4666216
NZ_CP113514	cblaster_239	2666681	2681341
NZ_CP113514	cblaster_320	3877953	3888350
NZ_CP113514	cblaster_333_PUL0529	982781	1037896
NZ_CP113514	cblaster_245	4584934	4588923
NZ_CP113514	cblaster_27869	53688	78541
NZ_CP113514	cblaster_339	1481601	1487809
NZ_CP113514	cblaster_307	223678	231706
NZ_DS264579	cblaster_288	285346	293512
NZ_DS264579	cblaster_289_290	323926	359918
NZ_DS264579	cblaster_286	229828	243564
NZ_DS264579	cblaster_291	373146	388716
NZ_DS264579	cblaster_279_280_346_281_PUL0419_PUL0527_PUL0063	5642	74784
NZ_DS264579	cblaster_284_285_PUL0528_PUL0674	170695	208240
NZ_DS264579	cblaster_287	247600	279597
NZ_DS264579	cblaster_283	154427	168237
NZ_DS264579	cblaster_PUL0554	231312	241703
NZ_DS264579	cblaster_282	97366	148949
NZ_DS264584	cblaster_PUL0326	83267	94904
NZ_DS264584	cblaster_332	239924	278046
NZ_DS264584	cblaster_27892	767882	775476
NZ_DS264584	cblaster_340_341_348_PUL0306_PUL0566_PUL0427	953449	1010325
NZ_DS264584	cblaster_335_PUL0788	435358	485745
NZ_DS264584	cblaster_336	615724	633598
NZ_DS264584	cblaster_342	1051873	1057309
NZ_DS264584	cblaster_345_PUL0789	1129490	1147108
NZ_DS264584	cblaster_343	1069124	1085869
NZ_DS264584	cblaster_334_PUL0787	370559	430302
NZ_DS264584	cblaster_337_338	662127	687374
NZ_DS264584	cblaster_344	1090860	1105451
NZ_DS264584	cblaster_333_PUL0529	299030	354932
NZ_DS264584	cblaster_339	767882	774089
NZ_DS362241	cblaster_PUL0551	149199	160549
NZ_DS362248	cblaster_PUL0334	438675	477429
NZ_DS362248	cblaster_27870_PUL0713	63663	75664
NZ_DS990126	cblaster_PUL0105_PUL0103	54123	84343
NZ_DS990130	cblaster_3602_PUL0225	72140	132888
NZ_DS990130	cblaster_PUL0770	699038	708963
NZ_DS995511	cblaster_3773	742915	748701
NZ_DS995511	cblaster_PUL0736	374865	390554
NZ_DS995511	cblaster_PUL0667	888717	894297
NZ_DS995531	cblaster_PUL0724	42178	73562
NZ_DS995531	cblaster_PUL0721	439230	464870
NZ_DS995531	cblaster_PUL0091_PUL0092	437605	464870
NZ_DS995531	cblaster_PUL0097_PUL0096	444160	464870
NZ_DS995531	cblaster_PUL0687	290092	300885
NZ_DS995531	cblaster_PUL0662	353356	368726
NZ_DS995531	cblaster_PUL0094	428025	455473
NZ_DS995531	cblaster_PUL0723	42178	70753
NZ_EQ973490	cblaster_PUL0546	1405947	1423928
NZ_EQ973490	cblaster_PUL0545	1329074	1352417
NZ_EQ973490	cblaster_PUL0543	682230	695770
NZ_EQ973490	cblaster_PUL0064	1996376	2022549
NZ_EQ973490	cblaster_PUL0539	24201	50780
NZ_EQ973490	cblaster_PUL0644	1329074	1352417
NZ_EQ973490	cblaster_3773	234837	240638
NZ_EQ973490	cblaster_PUL0538	1623755	1642855
NZ_EQ973490	cblaster_PUL0540	560159	571795
NZ_EQ973490	cblaster_PUL0548	1532563	1545070
NZ_EQ973490	cblaster_PUL0541	653101	666260
NZ_EQ973490	cblaster_PUL0547	1499819	1518897
NZ_EQ973490	cblaster_PUL0667	36760	41580
NZ_GG657685	cblaster_PUL0753	176154	182859
NZ_GG657685	cblaster_PUL0752	176154	182859
NZ_GG692714	cblaster_PUL0699	161452	174813
NZ_GG692714	cblaster_PUL0001	159050	175880
NZ_GG692727	cblaster_PUL0099	64566	74095
NZ_GG694015	cblaster_PUL0278	691729	697667
NZ_GG697150	cblaster_PUL0113	404289	430513
NZ_GG697150	cblaster_PUL0107	404289	430513
NZ_GL882595	cblaster_PUL0056	207120	218248
NZ_JAEFCJ010000001	cblaster_PUL0351	1439249	1444135
NZ_JAEFCJ010000001	cblaster_PUL0321	2521782	2527959
NZ_JAEFCJ010000001	cblaster_PUL0410	519646	525122
NZ_JAEFCJ010000001	cblaster_PUL0571	2347169	2354078
NZ_JH992941	cblaster_PUL0546	1303961	1323034
NZ_JH992941	cblaster_PUL0545	1220564	1233618
NZ_JH992941	cblaster_PUL0643	1220564	1233618
NZ_JH992941	cblaster_PUL0543	741081	754449
NZ_JH992941	cblaster_PUL0539	222916	242550
NZ_JH992941	cblaster_PUL0644	1220564	1233618
NZ_JH992941	cblaster_3773	391354	397121
NZ_JH992941	cblaster_PUL0793	89178	117520
NZ_JH992941	cblaster_PUL0540	619755	631218
NZ_JH992941	cblaster_PUL0548	1524852	1537369
NZ_JH992941	cblaster_PUL0541	687881	701691
NZ_JH992941	cblaster_27870_PUL0713	433061	453889
NZ_JH992941	cblaster_PUL0667	230785	235535
NZ_JPOL01000002	cblaster_PUL0704	485436	525817
NZ_JPOL01000002	cblaster_19759	1841090	1856426
NZ_JPOL01000002	cblaster_19760	3221309	3260094
NZ_JPOL01000002	cblaster_PUL0705	858729	891783
NZ_JQNJ01000001	cblaster_PUL0612	972442	982654
NZ_JQNQ01000001	cblaster_24469	3569713	3582423
NZ_JQNQ01000001	cblaster_31419_PUL0236	3564959	3582423
NZ_KB290658	cblaster_PUL0640	52147	63706
NZ_KB290676	cblaster_PUL0639	26971	32883
NZ_KB905472	cblaster_PUL0721	539247	559951
NZ_KB905472	cblaster_PUL0091_PUL0092	539247	559951
NZ_KE386494	cblaster_PUL0227	333960	351825
NZ_LACM01000001	cblaster_PUL0078	900530	903583
NZ_LACM01000001	cblaster_PUL0695	899159	905667
NZ_LACM01000001	cblaster_PUL0320	2094991	2126410
NZ_LACM01000001	cblaster_PUL0697	182415	186416
NZ_LACM01000001	cblaster_PUL0696	1142130	1159840
NZ_LR027880	cblaster_PUL0699	1163479	1181578
NZ_LT965930	cblaster_PUL0264	17039	63867
NZ_PJDO01000018	cblaster_PUL0029	55039	109245
NZ_PJDO01000018	cblaster_PUL0142	104548	109245
NZ_PJDX01000003	cblaster_PUL0740	151886	155285
NZ_PJDX01000003	cblaster_PUL0720	52839	70215
NZ_PJDX01000003	cblaster_PUL0673	151886	163481
NZ_PJDX01000003	cblaster_PUL0742	151886	156654
NZ_PJEE01000001	cblaster_PUL0297	419369	431274
NZ_PJEE01000001	cblaster_PUL0720	239702	257069
NZ_PJEE01000001	cblaster_PUL0367	420954	425236
NZ_PJEE01000001	cblaster_PUL0032	112315	116804
NZ_PJEE01000001	cblaster_PUL0283	419369	426335
NZ_PJEF01000016	cblaster_PUL0295	18121	45020
NZ_PJEF01000016	cblaster_PUL0029	284	49775
NZ_PJEF01000016	cblaster_PUL0142	45078	49775
NZ_PJEG01000006	cblaster_PUL0298	13105	25205
NZ_PJEG01000006	cblaster_PUL0367	14688	18965
NZ_PJEG01000006	cblaster_PUL0283	13105	22953
NZ_SEUH01000010	cblaster_PUL0147	50630	99413
PJDT01000028	cblaster_PUL0300	94524	113123
PJDT01000028	cblaster_PUL0029	133802	169986
PJDT01000028	cblaster_PUL0142	165341	169986
PJEE01000011	cblaster_PUL0576	376643	386335
PJEE01000011	cblaster_PUL0031	32559	36718
SIWZ01000001	cblaster_PUL0282	835742	842374
U00096	cblaster_PUL0410	3367826	3374489
U00096	cblaster_PUL0571	1816385	1823285
U00096	cblaster_PUL0751	361248	367510
